Distance(m),x(NI),x(CR),f(FCC_A1),f(BCC_A2)
0.0,0.799999999999733,0.200000000000267,1.0,0.0
1.0020040080160322e-08,0.7999999999990843,0.2000000000009157,1.0,0.0
2.0040080160320644e-08,0.799999999996258,0.20000000000374193,1.0,0.0
3.006012024048097e-08,0.7999999999847112,0.2000000000152888,1.0,0.0
4.008016032064129e-08,0.7999999999381889,0.2000000000618111,1.0,0.0
5.010020040080161e-08,0.7999999997524462,0.20000000024755385,1.0,0.0
6.012024048096194e-08,0.7999999990154877,0.2000000009845123,1.0,0.0
7.014028056112226e-08,0.7999999961034459,0.20000000389655412,1.0,0.0
8.016032064128258e-08,0.7999999846350243,0.20000001536497572,1.0,0.0
9.01803607214429e-08,0.7999999396455032,0.20000006035449683,1.0,0.0
1.0020040080160321e-07,0.7999997638174532,0.20000023618254678,1.0,0.0
1.1022044088176355e-07,0.7999990756624222,0.2000009243375777,1.0,0.0
1.2024048096192388e-07,0.7999963404958547,0.2000036595041453,1.0,0.0
1.3026052104208418e-07,0.7999851259101205,0.20001487408987947,1.0,0.0
1.4028056112224452e-07,0.7999381935538762,0.20006180644612379,1.0,0.0
1.5030060120240482e-07,0.7997524070471185,0.20024759295288153,1.0,0.0
1.6032064128256515e-07,0.7992229977670796,0.20077700223292042,1.0,0.0
1.7034068136272549e-07,0.79926968109584,0.20073031890416004,1.0,0.0
1.803607214428858e-07,0.7992403803848879,0.20075961961511213,1.0,0.0
1.9038076152304612e-07,0.7992182300980971,0.20078176990190286,1.0,0.0
2.0040080160320643e-07,0.7991609319865102,0.20083906801348986,1.0,0.0
2.1042084168336676e-07,0.7992227345859984,0.20077726541400165,1.0,0.0
2.204408817635271e-07,0.7991534900772861,0.20084650992271388,1.0,0.0
2.304609218436874e-07,0.7992107571500137,0.2007892428499863,1.0,0.0
2.4048096192384776e-07,0.7991244261910193,0.20087557380898072,1.0,0.0
2.5050100200400806e-07,0.7991770888742011,0.2008229111257989,1.0,0.0
2.6052104208416837e-07,0.7990771608292894,0.20092283917071066,1.0,0.0
2.7054108216432867e-07,0.7991330534431746,0.20086694655682538,1.0,0.0
2.8056112224448903e-07,0.798827030523329,0.201172969476671,1.0,0.0
2.9058116232464934e-07,0.7994234306426115,0.20057656935738855,1.0,0.0
3.0060120240480964e-07,0.7988920584771623,0.20110794152283776,1.0,0.0
3.1062124248497e-07,0.7993821788024446,0.20061782119755547,1.0,0.0
3.206412825651303e-07,0.7988508977514306,0.20114910224856947,1.0,0.0
3.306613226452906e-07,0.7991329155029299,0.20086708449707008,1.0,0.0
3.4068136272545097e-07,0.7986250884662968,0.2013749115337032,1.0,0.0
3.507014028056113e-07,0.7989314638295748,0.20106853617042525,1.0,0.0
3.607214428857716e-07,0.798891322899659,0.20110867710034094,1.0,0.0
3.7074148296593194e-07,0.7988570142104086,0.20114298578959147,1.0,0.0
3.8076152304609225e-07,0.7988910639609758,0.20110893603902427,1.0,0.0
3.9078156312625255e-07,0.7988563600474647,0.2011436399525352,1.0,0.0
4.0080160320641286e-07,0.7989225705908498,0.2010774294091502,1.0,0.0
4.108216432865732e-07,0.7988180648644367,0.20118193513556332,1.0,0.0
4.208416833667335e-07,0.7988337626155808,0.20116623738441916,1.0,0.0
4.3086172344689383e-07,0.7987390458521766,0.20126095414782336,1.0,0.0
4.408817635270542e-07,0.7983703292172196,0.2016296707827804,1.0,0.0
4.509018036072145e-07,0.7982541221296254,0.2017458778703746,1.0,0.0
4.609218436873748e-07,0.7981808656029017,0.20181913439709837,1.0,0.0
4.7094188376753515e-07,0.7981266851466924,0.20187331485330756,1.0,0.0
4.809619238476955e-07,0.7981623021899698,0.2018376978100303,1.0,0.0
4.909819639278558e-07,0.798092564251457,0.201907435748543,1.0,0.0
5.010020040080161e-07,0.7981476045956506,0.20185239540434935,1.0,0.0
5.110220440881764e-07,0.7977896863448959,0.20221031365510406,1.0,0.0
5.210420841683367e-07,0.7981678784143619,0.20183212158563815,0.9999999999999999,0.0
5.31062124248497e-07,0.7978674482181178,0.2021325517818821,0.9999999999999999,0.0
5.410821643286573e-07,0.7978743968803265,0.2021256031196735,0.9999999999999999,0.0
5.511022044088178e-07,0.7978807164770412,0.2021192835229588,0.9999999999999999,0.0
5.611222444889781e-07,0.7978561025953081,0.20214389740469185,0.9999999999999999,0.0
5.711422845691384e-07,0.797778105049001,0.202221894950999,0.9999999999999999,0.0
5.811623246492987e-07,0.7974471259608205,0.20255287403917954,0.9999999999999999,0.0
5.91182364729459e-07,0.7975706388516497,0.2024293611483503,0.9999999999999999,0.0
6.012024048096193e-07,0.7975749496306421,0.2024250503693579,0.9999999999999999,0.0
6.112224448897797e-07,0.7973126756519598,0.20268732434804018,1.0,0.0
6.2124248496994e-07,0.7983765490730277,0.20162345092697226,1.0,0.0
6.312625250501003e-07,0.7966325002130882,0.2033674997869118,1.0,0.0
6.412825651302606e-07,0.7978882453214128,0.2021117546785872,1.0,0.0
6.513026052104209e-07,0.7963413567404297,0.20365864325957028,1.0,0.0
6.613226452905812e-07,0.7980625137692453,0.20193748623075466,1.0,0.0
6.713426853707415e-07,0.7964923100296966,0.20350768997030344,1.0,0.0
6.813627254509019e-07,0.7975793916913116,0.20242060830868833,1.0,0.0
6.913827655310622e-07,0.795889236502837,0.20411076349716292,0.9999999999999999,0.0
7.014028056112226e-07,0.7974145627149842,0.20258543728501574,1.0,0.0
7.114228456913829e-07,0.7966979475428264,0.2033020524571736,1.0,0.0
7.214428857715432e-07,0.7967438184539726,0.20325618154602743,1.0,0.0
7.314629258517035e-07,0.796717439857513,0.20328256014248705,1.0,0.0
7.414829659318639e-07,0.7967428774441836,0.20325712255581635,1.0,0.0
7.515030060120242e-07,0.7967182812203497,0.20328171877965023,1.0,0.0
7.615230460921845e-07,0.7966981362809598,0.2033018637190403,1.0,0.0
7.715430861723448e-07,0.7965456244804696,0.20345437551953033,1.0,0.0
7.815631262525051e-07,0.7960907943052715,0.20390920569472853,1.0,0.0
7.915831663326654e-07,0.7960393734974226,0.20396062650257743,1.0,0.0
8.016032064128257e-07,0.7957337749396682,0.20426622506033176,1.0,0.0
8.116232464929861e-07,0.795314178142702,0.20468582185729806,1.0,0.0
8.216432865731464e-07,0.7953852280306547,0.20461477196934533,1.0,0.0
8.316633266533067e-07,0.7953726013905105,0.20462739860948947,1.0,0.0
8.41683366733467e-07,0.7953306635897992,0.2046693364102008,1.0,0.0
8.517034068136273e-07,0.7951779654554596,0.20482203454454037,1.0,0.0
8.617234468937877e-07,0.7947514216204015,0.20524857837959856,1.0000000000000002,0.0
8.717434869739481e-07,0.7948172857141977,0.20518271428580223,1.0000000000000002,0.0
8.817635270541084e-07,0.7948487306197318,0.2051512693802682,1.0000000000000002,0.0
8.917835671342687e-07,0.79457277755664,0.20542722244335995,1.0000000000000002,0.0
9.01803607214429e-07,0.7947005026645395,0.20529949733546043,1.0000000000000002,0.0
9.118236472945893e-07,0.7941466008888335,0.20585339911116649,1.0000000000000002,0.0
9.218436873747496e-07,0.7940330682642295,0.2059669317357705,1.0000000000000002,0.0
9.3186372745491e-07,0.7933108082431216,0.20668919175687836,1.0000000000000002,0.0
9.418837675350703e-07,0.7933630019845921,0.2066369980154079,1.0000000000000002,0.0
9.519038076152306e-07,0.7933179150033546,0.20668208499664542,1.0000000000000002,0.0
9.61923847695391e-07,0.7935242967239938,0.20647570327600617,1.0,0.0
9.719438877755512e-07,0.7923672813634735,0.2076327186365266,1.0000000000000002,0.0
9.819639278557116e-07,0.792649856623304,0.20735014337669605,1.0,0.0
9.919839679358718e-07,0.7926022994299421,0.20739770057005794,1.0,0.0
1.0020040080160322e-06,0.7927708465735486,0.20722915342645137,1.0,0.0
1.0120240480961924e-06,0.7920513018233557,0.20794869817664427,1.0,0.0
1.0220440881763529e-06,0.790951536252934,0.20904846374706598,1.0,0.0
1.0320641282565133e-06,0.791722490036239,0.20827750996376107,1.0,0.0
1.0420841683366735e-06,0.790942536637474,0.2090574633625259,1.0,0.0
1.0521042084168339e-06,0.7911273107451191,0.20887268925488092,1.0,0.0
1.062124248496994e-06,0.7904616990641459,0.2095383009358541,1.0,0.0
1.0721442885771545e-06,0.7911498498647536,0.2088501501352465,1.0,0.0
1.0821643286573147e-06,0.7899886222226424,0.21001137777735754,1.0,0.0
1.092184368737475e-06,0.7897874418385354,0.21021255816146456,1.0,0.0
1.1022044088176355e-06,0.7893790484498433,0.21062095155015667,1.0,0.0
1.1122244488977957e-06,0.7893126851490032,0.21068731485099682,1.0,0.0
1.1222444889779561e-06,0.7888067422777193,0.21119325772228073,1.0,0.0
1.1322645290581163e-06,0.7889010449144593,0.2110989550855406,1.0,0.0
1.1422845691382767e-06,0.7885677395390503,0.21143226046094965,1.0,0.0
1.152304609218437e-06,0.787916881942833,0.21208311805716695,1.0,0.0
1.1623246492985973e-06,0.7877954703023641,0.21220452969763595,1.0,0.0
1.1723446893787578e-06,0.7873599710137972,0.2126400289862028,1.0,0.0
1.182364729458918e-06,0.7868461815658956,0.21315381843410447,1.0,0.0
1.1923847695390784e-06,0.7869223510449138,0.21307764895508616,0.9999999999999999,0.0
1.2024048096192386e-06,0.7861174087802938,0.2138825912197062,0.9999999999999999,0.0
1.212424849699399e-06,0.7859283205547299,0.21407167944527009,1.0,0.0
1.2224448897795594e-06,0.7850387420784404,0.2149612579215596,1.0,0.0
1.2324649298597196e-06,0.7851511474984086,0.21484885250159133,1.0,0.0
1.24248496993988e-06,0.7846672828723256,0.21533271712767446,1.0,0.0
1.2525050100200402e-06,0.7843596165471407,0.21564038345285927,1.0,0.0
1.2625250501002006e-06,0.7836932706839163,0.21630672931608377,1.0,0.0
1.2725450901803608e-06,0.7841159272932386,0.21588407270676138,1.0,0.0
1.2825651302605212e-06,0.7828454693204372,0.21715453067956275,1.0,0.0
1.2925851703406816e-06,0.7825458504732804,0.2174541495267196,1.0,0.0
1.3026052104208418e-06,0.7822753997997576,0.21772460020024245,1.0,0.0
1.3126252505010023e-06,0.7818097792802375,0.2181902207197625,1.0,0.0
1.3226452905811624e-06,0.7814981973095616,0.2185018026904384,1.0,0.0
1.3326653306613229e-06,0.7810792045610329,0.21892079543896717,1.0,0.0
1.342685370741483e-06,0.7804673980956791,0.21953260190432095,1.0,0.0
1.3527054108216435e-06,0.7798589530344178,0.22014104696558223,0.9999999999999999,0.0
1.3627254509018039e-06,0.7798097748031798,0.22019022519682024,0.9999999999999999,0.0
1.372745490981964e-06,0.7789947250115918,0.22100527498840816,0.9999999999999997,0.0
1.3827655310621245e-06,0.778063538786101,0.22193646121389898,0.9999999999999997,0.0
1.3927855711422847e-06,0.7775923666288879,0.22240763337111216,0.9999999999999997,0.0
1.4028056112224451e-06,0.7775479535186245,0.22245204648137548,0.9999999999999999,0.0
1.4128256513026055e-06,0.7763707696220249,0.22362923037797508,0.9999999999999999,0.0
1.4228456913827657e-06,0.7762917903603539,0.2237082096396461,1.0000000000000002,0.0
1.4328657314629261e-06,0.7757012166969212,0.22429878330307884,1.0000000000000002,0.0
1.4428857715430863e-06,0.7746552720083308,0.22534472799166913,1.0000000000000002,0.0
1.4529058116232467e-06,0.7753070040341145,0.22469299596588557,1.0,0.0
1.462925851703407e-06,0.7739077351023435,0.22609226489765658,1.0,0.0
1.4729458917835674e-06,0.7736404481564596,0.22635955184354045,1.0,0.0
1.4829659318637278e-06,0.772444683252725,0.227555316747275,1.0,0.0
1.492985971943888e-06,0.7723456301715803,0.22765436982841963,1.0,0.0
1.5030060120240484e-06,0.7713991160014599,0.22860088399854,1.0,0.0
1.5130260521042086e-06,0.7708311887458523,0.22916881125414765,1.0,0.0
1.523046092184369e-06,0.7703341982247329,0.22966580177526702,1.0,0.0
1.5330661322645292e-06,0.7698141496248242,0.23018585037517583,1.0,0.0
1.5430861723446896e-06,0.7678032974375396,0.23219670256246042,1.0000000000000002,0.0
1.55310621242485e-06,0.7681316543714373,0.2318683456285627,1.0,0.0
1.5631262525050102e-06,0.7677129334367017,0.23228706656329828,1.0,0.0
1.5731462925851706e-06,0.7664692212643779,0.23353077873562209,1.0000000000000002,0.0
1.5831663326653308e-06,0.7656464856324889,0.23435351436751112,0.9999999999999998,0.0
1.5931863727454912e-06,0.7654512877545768,0.2345487122454232,0.9999999999999999,0.0
1.6032064128256514e-06,0.7645501610818006,0.23544983891819943,0.9999999999999999,0.0
1.6132264529058118e-06,0.7635463984720972,0.23645360152790287,1.0,0.0
1.6232464929859723e-06,0.7625463169546631,0.23745368304533684,1.0,0.0
1.6332665330661325e-06,0.7622593585842453,0.23774064141575466,1.0,0.0
1.6432865731462929e-06,0.7608766095899976,0.23912339041000238,1.0,0.0
1.653306613226453e-06,0.760012147394055,0.23998785260594502,1.0,0.0
1.6633266533066135e-06,0.7593729680888062,0.24062703191119386,1.0,0.0
1.6733466933867739e-06,0.7587153094946036,0.2412846905053964,1.0000000000000002,0.0
1.683366733466934e-06,0.7576171199613243,0.2423828800386757,0.9999999999999999,0.0
1.6933867735470945e-06,0.757210514696784,0.24278948530321598,1.0,0.0
1.7034068136272547e-06,0.7560018807708409,0.2439981192291592,1.0,0.0
1.7134268537074151e-06,0.7554079255163179,0.24459207448368217,1.0,0.0
1.7234468937875753e-06,0.7538308630360919,0.24616913696390813,1.0,0.0
1.7334669338677357e-06,0.7541020444220026,0.24589795557799748,1.0,0.0
1.7434869739478961e-06,0.7522582973205089,0.24774170267949117,1.0,0.0
1.7535070140280563e-06,0.7511132879396507,0.24888671206034935,1.0000000000000002,0.0
1.7635270541082167e-06,0.750883507967544,0.24911649203245595,0.9999999999999999,0.0
1.773547094188377e-06,0.7497776627134763,0.25022233728652366,0.9999999999999999,0.0
1.7835671342685374e-06,0.7493447398073175,0.25065526019268247,1.0000000000000004,0.0
1.7935871743486976e-06,0.7474861665035859,0.25251383349641404,1.0000000000000004,0.0
1.803607214428858e-06,0.746988428493832,0.253011571506168,0.9999999999999998,0.0
1.8136272545090184e-06,0.7459460366719843,0.2540539633280156,0.9999999999999998,0.0
1.8236472945891786e-06,0.74444368429306,0.25555631570694,1.0000000000000002,0.0
1.833667334669339e-06,0.7435773259260877,0.2564226740739123,0.9999999999999999,0.0
1.8436873747494992e-06,0.7426385392429287,0.2573614607570713,0.9999999999999999,0.0
1.8537074148296596e-06,0.742243064847701,0.25775693515229897,1.0,0.0
1.86372745490982e-06,0.739882918461592,0.2601170815384079,1.0,0.0
1.8737474949899802e-06,0.7393396538567474,0.26066034614325256,1.0,0.0
1.8837675350701406e-06,0.738702917069745,0.26129708293025494,1.0,0.0
1.8937875751503008e-06,0.736557299524665,0.26344270047533497,0.9999999999999999,0.0
1.9038076152304612e-06,0.7361072219379061,0.2638927780620939,1.0,0.0
1.9138276553106216e-06,0.7346129124963643,0.26538708750363577,1.0,0.0
1.923847695390782e-06,0.7342262065342713,0.2657737934657287,1.0000000000000002,0.0
1.933867735470942e-06,0.732348311902463,0.2676516880975371,1.0000000000000002,0.0
1.9438877755511025e-06,0.7313273431495493,0.26867265685045066,1.0,0.0
1.953907815631263e-06,0.7296576655245597,0.27034233447544026,1.0,0.0
1.9639278557114233e-06,0.7291870494326417,0.2708129505673583,0.9999999999999999,0.0
1.9739478957915833e-06,0.7276649669290299,0.27233503307097007,0.9999999999999999,0.0
1.9839679358717437e-06,0.7272413817857066,0.27275861821429337,1.0,0.0
1.993987975951904e-06,0.7253173589883688,0.27468264101163115,0.9999999999999998,0.0
2.0040080160320645e-06,0.7239547606375978,0.27604523936240216,1.0,0.0
2.014028056112225e-06,0.7220854674588699,0.27791453254113013,1.0000000000000004,0.0
2.024048096192385e-06,0.7214890759605772,0.27851092403942285,1.0,0.0
2.0340681362725453e-06,0.719963189591533,0.2800368104084669,1.0,0.0
2.0440881763527057e-06,0.7187699598311599,0.28123004016884007,1.0000000000000002,0.0
2.054108216432866e-06,0.717921963649298,0.2820780363507021,1.0,0.0
2.0641282565130265e-06,0.715962102648078,0.28403789735192203,1.0,0.0
2.0741482965931865e-06,0.7152689811442587,0.2847310188557412,1.0000000000000002,0.0
2.084168336673347e-06,0.7136429011765351,0.286357098823465,1.0000000000000002,0.0
2.0941883767535074e-06,0.7124078273320584,0.28759217266794157,1.0,0.0
2.1042084168336678e-06,0.7107153471094545,0.28928465289054545,1.0,0.0
2.1142284569138278e-06,0.7095130813491066,0.29048691865089343,1.0000000000000002,0.0
2.124248496993988e-06,0.7080176085346533,0.29198239146534666,1.0,0.0
2.1342685370741486e-06,0.7063239613408081,0.29367603865919195,0.9999999999999999,0.0
2.144288577154309e-06,0.7043816265046734,0.29561837349532655,1.0,0.0
2.1543086172344694e-06,0.7039009682329053,0.29609903176709473,0.9999999999999999,0.0
2.1643286573146294e-06,0.7026928422896366,0.2973071577103634,0.9999999999999999,0.0
2.17434869739479e-06,0.7007011975228461,0.2992988024771539,1.0000000000000002,0.0
2.18436873747495e-06,0.699336756308791,0.300663243691209,1.0,0.0
2.1943887775551106e-06,0.6972826514462501,0.3027173485537499,0.9999999999999999,0.0
2.204408817635271e-06,0.6967306503430601,0.3032693496569399,1.0000000000000002,0.0
2.214428857715431e-06,0.6949522723835329,0.30504772761646715,0.9999999999999998,0.0
2.2244488977955914e-06,0.6929950843412434,0.30700491565875665,1.0000000000000002,0.0
2.234468937875752e-06,0.6921200815556279,0.30787991844437207,1.0,0.0
2.2444889779559123e-06,0.6897417283505641,0.31025827164943587,0.9999999999999998,0.0
2.2545090180360727e-06,0.689250695085934,0.31074930491406605,1.0,0.0
2.2645290581162327e-06,0.6867309947745475,0.31326900522545253,1.0,0.0
2.274549098196393e-06,0.6857718403520369,0.31422815964796313,1.0,0.0
2.2845691382765535e-06,0.6838444938235393,0.31615550617646065,1.0,0.0
2.294589178356714e-06,0.6823707279828668,0.31762927201713315,1.0,0.0
2.304609218436874e-06,0.6808547601407482,0.3191452398592518,1.0,0.0
2.3146292585170343e-06,0.6791376551787953,0.3208623448212047,1.0,0.0
2.3246492985971947e-06,0.6771074179095322,0.3228925820904678,0.9999999999999999,0.0
2.334669338677355e-06,0.6759322028710812,0.32406779712891876,1.0000000000000002,0.0
2.3446893787575155e-06,0.6742479540018906,0.3257520459981094,1.0,0.0
2.3547094188376755e-06,0.6726504702720394,0.3273495297279606,1.0,0.0
2.364729458917836e-06,0.6711877124424159,0.32881228755758407,1.0,0.0
2.3747494989979963e-06,0.6687209928083722,0.33127900719162784,1.0000000000000004,0.0
2.3847695390781567e-06,0.6681899098574104,0.33181009014258955,1.0,0.0
2.394789579158317e-06,0.6659022630198288,0.33409773698017126,1.0000000000000002,0.0
2.404809619238477e-06,0.6645372049560879,0.3354627950439121,1.0,0.0
2.4148296593186376e-06,0.6628363899595923,0.33716361004040774,1.0,0.0
2.424849699398798e-06,0.6611304384646849,0.3388695615353151,0.9999999999999999,0.0
2.4348697394789584e-06,0.6591160618387872,0.3408839381612127,1.0,0.0
2.444889779559119e-06,0.6577339184783466,0.34226608152165344,1.0,0.0
2.4549098196392788e-06,0.6560321269288059,0.34396787307119414,1.0,0.0
2.464929859719439e-06,0.6541928932348805,0.3458071067651195,0.9999999999999999,0.0
2.4749498997995996e-06,0.65282136579703,0.34717863420297,0.9999999999999997,0.0
2.48496993987976e-06,0.6511682484173235,0.34883175158267654,0.9999999999999999,0.0
2.49498997995992e-06,0.6490153431430153,0.35098465685698466,0.9999999999999999,0.0
2.5050100200400804e-06,0.6486349086930473,0.3513650913069527,1.0000000000000002,0.0
2.515030060120241e-06,0.6472509619128008,0.3527490380871991,0.9999999999999999,0.0
2.5250501002004012e-06,0.6446624943031728,0.3553375056968272,1.0,0.0
2.5350701402805616e-06,0.6436677773549773,0.3563322226450228,1.0,0.0
2.5450901803607216e-06,0.6414700817052655,0.35852991829473446,1.0,0.0
2.555110220440882e-06,0.6404098031808441,0.35959019681915594,0.9999999999999998,0.0
2.5651302605210425e-06,0.6379469613696036,0.36205303863039645,1.0,0.0
2.575150300601203e-06,0.636957455178085,0.363042544821915,0.9999999999999999,0.0
2.5851703406813633e-06,0.634813360947613,0.36518663905238696,1.0,0.0
2.5951903807615233e-06,0.6331768634127837,0.3668231365872164,1.0,0.0
2.6052104208416837e-06,0.6318258452146241,0.3681741547853758,1.0,0.0
2.615230460921844e-06,0.6298511532400672,0.37014884675993276,0.9999999999999999,0.0
2.6252505010020045e-06,0.6274712674404214,0.37252873255957863,1.0000000000000002,0.0
2.635270541082165e-06,0.6262881198793031,0.37371188012069695,0.9999999999999999,0.0
2.645290581162325e-06,0.6243910884387152,0.37560891156128484,1.0,0.0
2.6553106212424853e-06,0.6230673359770419,0.3769326640229581,0.9999999999999999,0.0
2.6653306613226457e-06,0.621263646304135,0.37873635369586495,0.9999999999999998,0.0
2.675350701402806e-06,0.6199449622999551,0.38005503770004484,1.0,0.0
2.685370741482966e-06,0.617810969735328,0.38218903026467205,1.0000000000000002,0.0
2.6953907815631265e-06,0.6167152800172117,0.38328471998278835,1.0,0.0
2.705410821643287e-06,0.614453311303976,0.38554668869602404,1.0,0.0
2.7154308617234474e-06,0.6129229007724337,0.38707709922756633,1.0,0.0
2.7254509018036078e-06,0.6113449831663951,0.388655016833605,1.0,0.0
2.7354709418837678e-06,0.6100250918314526,0.3899749081685474,1.0,0.0
2.745490981963928e-06,0.607798117876527,0.392201882123473,1.0000000000000002,0.0
2.7555110220440886e-06,0.6064902698910304,0.39350973010896967,1.0,0.0
2.765531062124249e-06,0.6053538947943798,0.39464610520562016,0.9999999999999999,0.0
2.7755511022044094e-06,0.6025923523070766,0.39740764769292336,1.0,0.0
2.7855711422845694e-06,0.6020374233261463,0.39796257667385365,1.0,0.0
2.79559118236473e-06,0.5999469237269326,0.40005307627306735,1.0,0.0
2.8056112224448902e-06,0.5982274878715443,0.4017725121284557,1.0,0.0
2.8156312625250506e-06,0.5969484544929398,0.4030515455070603,1.0,0.0
2.825651302605211e-06,0.5954131841347934,0.4045868158652066,1.0,0.0
2.835671342685371e-06,0.5928839109085691,0.407116089091431,1.0,0.0
2.8456913827655314e-06,0.5921892176482996,0.40781078235170043,1.0,0.0
2.855711422845692e-06,0.5904095534718014,0.40959044652819865,1.0,0.0
2.8657314629258523e-06,0.5891069625681524,0.41089303743184763,1.0,0.0
2.8757515030060122e-06,0.5875049519918915,0.41249504800810854,1.0,0.0
2.8857715430861727e-06,0.5857204591516523,0.41427954084834767,1.0,0.0
2.895791583166333e-06,0.5846425704120459,0.41535742958795413,0.9999999999999999,0.0
2.9058116232464935e-06,0.5586590238808926,0.44134097611910733,0.9545058584379246,0.04549414156222209
2.915831663326654e-06,0.5119656196988156,0.4880343803011844,0.8702876978606181,0.12971230213945995
2.925851703406814e-06,0.47432522901946317,0.5256747709805368,0.8029503629258627,0.19704963707413203
2.9358717434869743e-06,0.44670897551760735,0.5532910244823926,0.7524318644218506,0.2475681355781408
2.9458917835671347e-06,0.42800065035372636,0.5719993496462736,0.7199556868121372,0.28004431318785394
2.955911823647295e-06,0.41615888821531877,0.5838411117846812,0.6999155233682524,0.30008447663176535
2.9659318637274555e-06,0.4090513464453106,0.5909486535546894,0.6874795092024167,0.3125204907975664
2.9759519038076155e-06,0.4049544796426554,0.5950455203573446,0.6771465936199657,0.32285340638001964
2.985971943887776e-06,0.4026628816237051,0.5973371183762949,0.6730485085024229,0.3269514914975897
2.9959919839679363e-06,0.40141136111049536,0.5985886388895046,0.6730456524869936,0.3269543475129939
3.0060120240480967e-06,0.40073806291052083,0.5992619370894792,0.6694376896595658,0.33056231034046824
3.016032064128257e-06,0.4003809107495908,0.5996190892504092,0.6694376896595658,0.33056231034046824
3.026052104208417e-06,0.40019445830492584,0.5998055416950742,0.6694376896595658,0.33056231034046824
3.0360721442885776e-06,0.40009821965193904,0.599901780348061,0.6694376896595658,0.33056231034046824
3.046092184368738e-06,0.40004908691593366,0.5999509130840663,0.6694376896595658,0.33056231034046824
3.0561122244488984e-06,0.4000242743897948,0.5999757256102052,0.6694376896595658,0.33056231034046824
3.0661322645290584e-06,0.40001187877471867,0.5999881212252813,0.6694376896595658,0.33056231034046824
3.0761523046092188e-06,0.4000057525932743,0.5999942474067257,0.6694376896595658,0.33056231034046824
3.086172344689379e-06,0.4000027570976967,0.5999972429023033,0.6694376896595658,0.33056231034046824
3.0961923847695396e-06,0.4000013078692545,0.5999986921307455,0.6694376896595658,0.33056231034046824
3.1062124248497e-06,0.40000061408312826,0.5999993859168717,0.6694376896595658,0.33056231034046824
3.11623246492986e-06,0.4000002854089423,0.5999997145910577,0.6694376896595658,0.33056231034046824
3.1262525050100204e-06,0.400000131314441,0.599999868685559,0.6694376896595658,0.33056231034046824
3.136272545090181e-06,0.40000005981207154,0.5999999401879285,0.6694376896595658,0.33056231034046824
3.1462925851703412e-06,0.40000002697264836,0.5999999730273516,0.6694376896595658,0.33056231034046824
3.1563126252505016e-06,0.4000000120432493,0.5999999879567507,0.6694376896595658,0.33056231034046824
3.1663326653306616e-06,0.400000005324465,0.599999994675535,0.6694376896595658,0.33056231034046824
3.176352705410822e-06,0.40000000233102717,0.5999999976689728,0.6694376896595658,0.33056231034046824
3.1863727454909825e-06,0.4000000010106117,0.5999999989893883,0.6694376896595658,0.33056231034046824
3.196392785571143e-06,0.4000000004339239,0.5999999995660761,0.6694376896595658,0.33056231034046824
3.206412825651303e-06,0.40000000018452775,0.5999999998154723,0.6694376896595658,0.33056231034046824
3.2164328657314633e-06,0.4000000000777231,0.5999999999222769,0.6694376896595658,0.33056231034046824
3.2264529058116237e-06,0.40000000003242653,0.5999999999675735,0.6694376896595658,0.33056231034046824
3.236472945891784e-06,0.40000000001340075,0.5999999999865993,0.6694376896595658,0.33056231034046824
3.2464929859719445e-06,0.4000000000054855,0.5999999999945145,0.6694376896595658,0.33056231034046824
3.2565130260521045e-06,0.4000000000022239,0.5999999999977761,0.6694376896595658,0.33056231034046824
3.266533066132265e-06,0.4000000000008922,0.5999999999991078,0.6694376896595658,0.33056231034046824
3.2765531062124253e-06,0.40000000000035396,0.599999999999646,0.6694376896595658,0.33056231034046824
3.2865731462925857e-06,0.4000000000001378,0.5999999999998622,0.6694376896595658,0.33056231034046824
3.296593186372746e-06,0.40000000000005154,0.5999999999999485,0.6694376896595658,0.33056231034046824
3.306613226452906e-06,0.4000000000000161,0.5999999999999839,0.6694376896595658,0.33056231034046824
3.3166332665330665e-06,0.39999999999999947,0.6000000000000005,0.6694371883081724,0.3305628116918756
3.326653306613227e-06,0.4,0.6,0.6694371883081724,0.3305628116918756
3.3366733466933874e-06,0.4,0.6,0.6694371883081724,0.3305628116918756
3.3466933867735478e-06,0.4,0.6,0.6694371883081724,0.3305628116918756
3.3567134268537078e-06,0.4,0.6,0.6694371883081724,0.3305628116918756
3.366733466933868e-06,0.4,0.6,0.6694371883081724,0.3305628116918756
3.3767535070140286e-06,0.4,0.6,0.6694371883081724,0.3305628116918756
3.386773547094189e-06,0.4,0.6,0.6694371883081724,0.3305628116918756
3.396793587174349e-06,0.4,0.6,0.6694371883081724,0.3305628116918756
3.4068136272545094e-06,0.4,0.6,0.6694371883081724,0.3305628116918756
3.41683366733467e-06,0.4,0.6,0.6694371883081724,0.3305628116918756
3.4268537074148302e-06,0.4,0.6,0.6694371883081724,0.3305628116918756
3.4368737474949906e-06,0.4,0.6,0.6694371883081724,0.3305628116918756
3.4468937875751506e-06,0.4,0.6,0.6694371883081724,0.3305628116918756
3.456913827655311e-06,0.4,0.6,0.6694371883081724,0.3305628116918756
3.4669338677354714e-06,0.4,0.6,0.6694371883081724,0.3305628116918756
3.476953907815632e-06,0.4,0.6,0.6694371883081724,0.3305628116918756
3.4869739478957923e-06,0.4,0.6,0.6694371883081724,0.3305628116918756
3.4969939879759522e-06,0.4,0.6,0.6694371883081724,0.3305628116918756
3.5070140280561127e-06,0.4,0.6,0.6694371883081724,0.3305628116918756
3.517034068136273e-06,0.4,0.6,0.6694371883081724,0.3305628116918756
3.5270541082164335e-06,0.4,0.6,0.6694371883081724,0.3305628116918756
3.537074148296594e-06,0.4,0.6,0.6694371883081724,0.3305628116918756
3.547094188376754e-06,0.4,0.6,0.6694371883081724,0.3305628116918756
3.5571142284569143e-06,0.4,0.6,0.6694371883081724,0.3305628116918756
3.5671342685370747e-06,0.4,0.6,0.6694371883081724,0.3305628116918756
3.577154308617235e-06,0.4,0.6,0.6694371883081724,0.3305628116918756
3.587174348697395e-06,0.4,0.6,0.6694371883081724,0.3305628116918756
3.5971943887775555e-06,0.4,0.6,0.6694371883081724,0.3305628116918756
3.607214428857716e-06,0.4,0.6,0.6694371883081724,0.3305628116918756
3.6172344689378763e-06,0.4,0.6,0.6694371883081724,0.3305628116918756
3.6272545090180367e-06,0.4,0.6,0.6694371883081724,0.3305628116918756
3.6372745490981967e-06,0.4,0.6,0.6694371883081724,0.3305628116918756
3.647294589178357e-06,0.4,0.6,0.6694371883081724,0.3305628116918756
3.6573146292585176e-06,0.4,0.6,0.6694371883081724,0.3305628116918756
3.667334669338678e-06,0.4,0.6,0.6694371883081724,0.3305628116918756
3.6773547094188384e-06,0.4,0.6,0.6694371883081724,0.3305628116918756
3.6873747494989984e-06,0.4,0.6,0.6694371883081724,0.3305628116918756
3.6973947895791588e-06,0.4,0.6,0.6694371883081724,0.3305628116918756
3.707414829659319e-06,0.4,0.6,0.6694371883081724,0.3305628116918756
3.7174348697394796e-06,0.4,0.6,0.6694371883081724,0.3305628116918756
3.72745490981964e-06,0.4,0.6,0.6694371883081724,0.3305628116918756
3.7374749498998e-06,0.4,0.6,0.6694371883081724,0.3305628116918756
3.7474949899799604e-06,0.4,0.6,0.6694371883081724,0.3305628116918756
3.757515030060121e-06,0.4,0.6,0.6694371883081724,0.3305628116918756
3.7675350701402812e-06,0.4,0.6,0.6694371883081724,0.3305628116918756
3.7775551102204412e-06,0.4,0.6,0.6694371883081724,0.3305628116918756
3.7875751503006016e-06,0.4,0.6,0.6694371883081724,0.3305628116918756
3.797595190380762e-06,0.4,0.6,0.6694371883081724,0.3305628116918756
3.8076152304609225e-06,0.4,0.6,0.6694371883081724,0.3305628116918756
3.817635270541083e-06,0.4,0.6,0.6694371883081724,0.3305628116918756
3.827655310621243e-06,0.4,0.6,0.6694371883081724,0.3305628116918756
3.837675350701404e-06,0.4,0.6,0.6694371883081724,0.3305628116918756
3.847695390781564e-06,0.4,0.6,0.6694371883081724,0.3305628116918756
3.857715430861724e-06,0.4,0.6,0.6694371883081724,0.3305628116918756
3.867735470941884e-06,0.4,0.6,0.6694371883081724,0.3305628116918756
3.8777555110220445e-06,0.4,0.6,0.6694371883081724,0.3305628116918756
3.887775551102205e-06,0.4,0.6,0.6694371883081724,0.3305628116918756
3.897795591182365e-06,0.4,0.6,0.6694371883081724,0.3305628116918756
3.907815631262526e-06,0.4,0.6,0.6694371883081724,0.3305628116918756
3.917835671342686e-06,0.4,0.6,0.6694371883081724,0.3305628116918756
3.9278557114228466e-06,0.4,0.6,0.6694371883081724,0.3305628116918756
3.937875751503007e-06,0.4,0.6,0.6694371883081724,0.3305628116918756
3.9478957915831665e-06,0.4,0.6,0.6694371883081724,0.3305628116918756
3.957915831663327e-06,0.4,0.6,0.6694371883081724,0.3305628116918756
3.967935871743487e-06,0.4,0.6,0.6694371883081724,0.3305628116918756
3.977955911823648e-06,0.4,0.6,0.6694371883081724,0.3305628116918756
3.987975951903808e-06,0.4,0.6,0.6694371883081724,0.3305628116918756
3.997995991983969e-06,0.4,0.6,0.6694371883081724,0.3305628116918756
4.008016032064129e-06,0.4,0.6,0.6694371883081724,0.3305628116918756
4.018036072144289e-06,0.4,0.6,0.6694371883081724,0.3305628116918756
4.02805611222445e-06,0.4,0.6,0.6694371883081724,0.3305628116918756
4.038076152304609e-06,0.4,0.6,0.6694371883081724,0.3305628116918756
4.04809619238477e-06,0.4,0.6,0.6694371883081724,0.3305628116918756
4.05811623246493e-06,0.4,0.6,0.6694371883081724,0.3305628116918756
4.068136272545091e-06,0.4,0.6,0.6694371883081724,0.3305628116918756
4.078156312625251e-06,0.4,0.6,0.6694371883081724,0.3305628116918756
4.0881763527054114e-06,0.4,0.6,0.6694371883081724,0.3305628116918756
4.098196392785572e-06,0.4,0.6,0.6694371883081724,0.3305628116918756
4.108216432865732e-06,0.4,0.6,0.6694371883081724,0.3305628116918756
4.118236472945893e-06,0.4,0.6,0.6694371883081724,0.3305628116918756
4.128256513026053e-06,0.4,0.6,0.6694371883081724,0.3305628116918756
4.138276553106213e-06,0.4,0.6,0.6694371883081724,0.3305628116918756
4.148296593186373e-06,0.4,0.6,0.6694371883081724,0.3305628116918756
4.1583166332665335e-06,0.4,0.6,0.6694371883081724,0.3305628116918756
4.168336673346694e-06,0.4,0.6,0.6694371883081724,0.3305628116918756
4.178356713426854e-06,0.4,0.6,0.6694371883081724,0.3305628116918756
4.188376753507015e-06,0.4,0.6,0.6694371883081724,0.3305628116918756
4.198396793587175e-06,0.4,0.6,0.6694371883081724,0.3305628116918756
4.2084168336673355e-06,0.4,0.6,0.6694371883081724,0.3305628116918756
4.218436873747496e-06,0.4,0.6,0.6694371883081724,0.3305628116918756
4.2284569138276555e-06,0.4,0.6,0.6694371883081724,0.3305628116918756
4.238476953907816e-06,0.4,0.6,0.6694371883081724,0.3305628116918756
4.248496993987976e-06,0.4,0.6,0.6694371883081724,0.3305628116918756
4.258517034068137e-06,0.4,0.6,0.6694371883081724,0.3305628116918756
4.268537074148297e-06,0.4,0.6,0.6694371883081724,0.3305628116918756
4.2785571142284576e-06,0.4,0.6,0.6694371883081724,0.3305628116918756
4.288577154308618e-06,0.4,0.6,0.6694371883081724,0.3305628116918756
4.298597194388778e-06,0.4,0.6,0.6694371883081724,0.3305628116918756
4.308617234468939e-06,0.4,0.6,0.6694371883081724,0.3305628116918756
4.318637274549099e-06,0.4,0.6,0.6694371883081724,0.3305628116918756
4.328657314629259e-06,0.4,0.6,0.6694371883081724,0.3305628116918756
4.338677354709419e-06,0.4,0.6,0.6694371883081724,0.3305628116918756
4.34869739478958e-06,0.4,0.6,0.6694371883081724,0.3305628116918756
4.35871743486974e-06,0.4,0.6,0.6694371883081724,0.3305628116918756
4.3687374749499e-06,0.4,0.6,0.6694371883081724,0.3305628116918756
4.378757515030061e-06,0.4,0.6,0.6694371883081724,0.3305628116918756
4.388777555110221e-06,0.4,0.6,0.6694371883081724,0.3305628116918756
4.398797595190382e-06,0.4,0.6,0.6694371883081724,0.3305628116918756
4.408817635270542e-06,0.4,0.6,0.6694371883081724,0.3305628116918756
4.418837675350702e-06,0.4,0.6,0.6694371883081724,0.3305628116918756
4.428857715430862e-06,0.4,0.6,0.6694371883081724,0.3305628116918756
4.4388777555110225e-06,0.4,0.6,0.6694371883081724,0.3305628116918756
4.448897795591183e-06,0.4,0.6,0.6694371883081724,0.3305628116918756
4.458917835671343e-06,0.4,0.6,0.6694371883081724,0.3305628116918756
4.468937875751504e-06,0.4,0.6,0.6694371883081724,0.3305628116918756
4.478957915831664e-06,0.4,0.6,0.6694371883081724,0.3305628116918756
4.4889779559118245e-06,0.4,0.6,0.6694371883081724,0.3305628116918756
4.498997995991985e-06,0.4,0.6,0.6694371883081724,0.3305628116918756
4.509018036072145e-06,0.4,0.6,0.6694371883081724,0.3305628116918756
4.519038076152305e-06,0.4,0.6,0.6694371883081724,0.3305628116918756
4.529058116232465e-06,0.4,0.6,0.6694371883081724,0.3305628116918756
4.539078156312626e-06,0.4,0.6,0.6694371883081724,0.3305628116918756
4.549098196392786e-06,0.4,0.6,0.6694371883081724,0.3305628116918756
4.5591182364729465e-06,0.4,0.6,0.6694371883081724,0.3305628116918756
4.569138276553107e-06,0.4,0.6,0.6694371883081724,0.3305628116918756
4.579158316633267e-06,0.4,0.6,0.6694371883081724,0.3305628116918756
4.589178356713428e-06,0.4,0.6,0.6694371883081724,0.3305628116918756
4.599198396793588e-06,0.4,0.6,0.6694371883081724,0.3305628116918756
4.609218436873748e-06,0.4,0.6,0.6694371883081724,0.3305628116918756
4.619238476953908e-06,0.4,0.6,0.6694371883081724,0.3305628116918756
4.6292585170340686e-06,0.4,0.6,0.6694371883081724,0.3305628116918756
4.639278557114229e-06,0.4,0.6,0.6694371883081724,0.3305628116918756
4.649298597194389e-06,0.4,0.6,0.6694371883081724,0.3305628116918756
4.65931863727455e-06,0.4,0.6,0.6694371883081724,0.3305628116918756
4.66933867735471e-06,0.4,0.6,0.6694371883081724,0.3305628116918756
4.679358717434871e-06,0.4,0.6,0.6694371883081724,0.3305628116918756
4.689378757515031e-06,0.4,0.6,0.6694371883081724,0.3305628116918756
4.6993987975951915e-06,0.4,0.6,0.6694371883081724,0.3305628116918756
4.709418837675351e-06,0.4,0.6,0.6694371883081724,0.3305628116918756
4.7194388777555114e-06,0.4,0.6,0.6694371883081724,0.3305628116918756
4.729458917835672e-06,0.4,0.6,0.6694371883081724,0.3305628116918756
4.739478957915832e-06,0.4,0.6,0.6694371883081724,0.3305628116918756
4.749498997995993e-06,0.4,0.6,0.6694371883081724,0.3305628116918756
4.759519038076153e-06,0.4,0.6,0.6694371883081724,0.3305628116918756
4.7695390781563135e-06,0.4,0.6,0.6694371883081724,0.3305628116918756
4.779559118236474e-06,0.4,0.6,0.6694371883081724,0.3305628116918756
4.789579158316634e-06,0.4,0.6,0.6694371883081724,0.3305628116918756
4.799599198396794e-06,0.4,0.6,0.6694371883081724,0.3305628116918756
4.809619238476954e-06,0.4,0.6,0.6694371883081724,0.3305628116918756
4.819639278557115e-06,0.4,0.6,0.6694371883081724,0.3305628116918756
4.829659318637275e-06,0.4,0.6,0.6694371883081724,0.3305628116918756
4.8396793587174355e-06,0.4,0.6,0.6694371883081724,0.3305628116918756
4.849699398797596e-06,0.4,0.6,0.6694371883081724,0.3305628116918756
4.859719438877756e-06,0.4,0.6,0.6694371883081724,0.3305628116918756
4.869739478957917e-06,0.4,0.6,0.6694371883081724,0.3305628116918756
4.879759519038077e-06,0.4,0.6,0.6694371883081724,0.3305628116918756
4.889779559118238e-06,0.4,0.6,0.6694371883081724,0.3305628116918756
4.899799599198397e-06,0.4,0.6,0.6694371883081724,0.3305628116918756
4.9098196392785576e-06,0.4,0.6,0.6694371883081724,0.3305628116918756
4.919839679358718e-06,0.4,0.6,0.6694371883081724,0.3305628116918756
4.929859719438878e-06,0.4,0.6,0.6694371883081724,0.3305628116918756
4.939879759519039e-06,0.4,0.6,0.6694371883081724,0.3305628116918756
4.949899799599199e-06,0.4,0.6,0.6694371883081724,0.3305628116918756
4.95991983967936e-06,0.4,0.6,0.6694371883081724,0.3305628116918756
4.96993987975952e-06,0.4,0.6,0.6694371883081724,0.3305628116918756
4.9799599198396804e-06,0.4,0.6,0.6694371883081724,0.3305628116918756
4.98997995991984e-06,0.4,0.6,0.6694371883081724,0.3305628116918756
5e-06,0.4,0.6,0.6694371883081724,0.3305628116918756
