Distance(m),x(NI),x(CR),x(V),f(FCC_A1),f(BCC_A2)
0.0,0.5951335822408628,0.39697000349236644,0.007896414266770742,1.0,0.0
1.335113484646195e-08,0.5949709819438409,0.39677318209090084,0.008255835965258257,1.0,0.0
2.67022696929239e-08,0.5951830077691822,0.3969605076548092,0.007856484576008635,0.9999999999999998,0.0
4.0053404539385854e-08,0.5951358351724702,0.39689010026226135,0.007974064565268493,0.9999999999999998,0.0
5.34045393858478e-08,0.5948500235466194,0.396741370489996,0.008408605963384512,1.0,0.0
6.675567423230976e-08,0.595309128693559,0.39703769582817755,0.007653175478263424,0.9999999999999998,0.0
8.010680907877171e-08,0.5949809894090424,0.3967855730906994,0.008233437500258152,1.0000000000000004,0.0
9.345794392523366e-08,0.5952892048919832,0.3970267572359248,0.007684037872091965,0.9999999999999998,0.0
1.068090787716956e-07,0.5947271930485241,0.39674930250859747,0.008523504442878442,1.0,0.0
1.2016021361815757e-07,0.5953381800776827,0.39704558588249056,0.007616234039826692,0.9999999999999998,0.0
1.3351134846461952e-07,0.5949717622355178,0.39675438507532906,0.008273852689153087,1.0000000000000004,0.0
1.4686248331108147e-07,0.5952580715017541,0.3970302997002588,0.007711628797987037,0.9999999999999998,0.0
1.6021361815754342e-07,0.5948165508171908,0.39675365019934367,0.008429798983465532,1.0,0.0
1.7356475300400536e-07,0.5953105014636744,0.3969949305500293,0.007694567986296345,0.9999999999999998,0.0
1.869158878504673e-07,0.5949502302478273,0.3968197720305507,0.008229997721622006,1.0,0.0
2.0026702269692926e-07,0.5949480290716866,0.39680473356000684,0.008247237368306445,1.0,0.0
2.136181575433912e-07,0.595292257831602,0.39709016440918327,0.007617577759214726,0.9999999999999998,0.0
2.2696929238985316e-07,0.594756048910814,0.3967073698586066,0.008536581230579397,1.0,0.0
2.4032042723631514e-07,0.5951675205809237,0.396998351437235,0.007834127981841311,0.9999999999999998,0.0
2.5367156208277706e-07,0.5951889622117172,0.3969826976202272,0.007828340168055534,0.9999999999999998,0.0
2.6702269692923903e-07,0.5948925167267538,0.3968740454781097,0.008233437795136394,1.0,0.0
2.8037383177570096e-07,0.5949070436828634,0.3968493390149756,0.008243617302160947,1.0,0.0
2.9372496662216293e-07,0.5952061033228284,0.396971257791145,0.007822638886026499,0.9999999999999998,0.0
3.0707610146862485e-07,0.5951708179464525,0.39701228492260066,0.007816897130946823,0.9999999999999998,0.0
3.2042723631508683e-07,0.5947665998163905,0.396747203518566,0.00848619666504352,1.0000000000000004,0.0
3.3377837116154875e-07,0.5951002398553201,0.39700133979010754,0.007898420354572326,0.9999999999999998,0.0
3.4712950600801073e-07,0.5950271242524525,0.39690369831027106,0.008069177437276497,0.9999999999999998,0.0
3.6048064085447265e-07,0.594990414798509,0.3969681035756805,0.008041481625810469,0.9999999999999998,0.0
3.738317757009346e-07,0.5948615371722847,0.39677391041049614,0.008364552417219086,1.0000000000000004,0.0
3.8718291054739655e-07,0.5952565867651423,0.39721299722117875,0.007530416013678983,0.9999999999999998,0.0
4.005340453938585e-07,0.5947773743388602,0.3967698363962166,0.008452789264923223,1.0000000000000004,0.0
4.1388518024032045e-07,0.5951448177498189,0.39708740362394424,0.007767778626236848,0.9999999999999998,0.0
4.272363150867824e-07,0.5949184348269092,0.3969421800997156,0.008139385073375176,0.9999999999999998,0.0
4.405874499332444e-07,0.5949635199255687,0.3969011346347223,0.008135345439708917,0.9999999999999998,0.0
4.539385847797063e-07,0.5948146259239548,0.3969060591922336,0.008279314883811523,0.9999999999999998,0.0
4.672897196261683e-07,0.5948470222475577,0.3969274362332747,0.008225541519167597,0.9999999999999998,0.0
4.806408544726303e-07,0.5951318802043389,0.3970791472581757,0.007788972537485343,1.0000000000000004,0.0
4.939919893190921e-07,0.595109975426605,0.3970925258982747,0.007797498675120236,0.9999999999999998,0.0
5.073431241655541e-07,0.5947626754881394,0.39687826700954787,0.008359057502312679,1.0000000000000004,0.0
5.206942590120161e-07,0.5949327399719194,0.39703740804272275,0.008029851985357826,0.9999999999999998,0.0
5.340453938584781e-07,0.59483050915702,0.3969501382577958,0.008219352585184251,0.9999999999999998,0.0
5.473965287049399e-07,0.5946901361989034,0.39687618457177926,0.008433679229317386,1.0000000000000004,0.0
5.607476635514019e-07,0.595186146188161,0.3971797591718654,0.007634094639973622,0.9999999999999998,0.0
5.740987983978639e-07,0.594881604564372,0.3969377795145672,0.008180615921060804,1.0000000000000004,0.0
5.874499332443259e-07,0.5950742150001798,0.39723150512634464,0.007694279873475574,0.9999999999999998,0.0
6.008010680907877e-07,0.5946006995724511,0.3968145598775463,0.008584740550002645,1.0000000000000004,0.0
6.141522029372497e-07,0.5950054366749054,0.3971616478656915,0.007832915459403051,0.9999999999999998,0.0
6.275033377837117e-07,0.5946617946279036,0.39683952052136756,0.008498684850728869,1.0000000000000004,0.0
6.408544726301737e-07,0.5953610928132587,0.397357783455594,0.0072811237311472985,1.0,0.0
6.542056074766356e-07,0.594430196280222,0.3967345453377574,0.008835258382020584,1.0000000000000004,0.0
6.675567423230975e-07,0.595018561773957,0.3972463177048181,0.007735120521224854,1.0,0.0
6.809078771695595e-07,0.5951453867598683,0.3972059496540253,0.007648663586106427,1.0,0.0
6.942590120160215e-07,0.5946264697489037,0.39694636786893633,0.008427162382160045,1.0000000000000004,0.0
7.076101468624834e-07,0.5947188051084251,0.3969665111134272,0.008314683778147636,1.0000000000000004,0.0
7.209612817089453e-07,0.5952117967899955,0.39736007002192214,0.00742813318808245,1.0,0.0
7.343124165554073e-07,0.5944687791255747,0.3968086800485498,0.008722540825875456,1.0000000000000004,0.0
7.476635514018693e-07,0.5949971528414779,0.397218421385545,0.007784425772977165,0.9999999999999998,0.0
7.610146862483312e-07,0.5949126815221817,0.39715481622561893,0.007932502252199419,1.0000000000000004,0.0
7.743658210947931e-07,0.5947368821203849,0.39693535610425273,0.008327761775362411,1.0000000000000004,0.0
7.877169559412551e-07,0.5949618893207439,0.3972918287079065,0.007746281971349576,1.0,0.0
8.01068090787717e-07,0.5950131734984823,0.3971895955272048,0.00779723097431289,1.0,0.0
8.14419225634179e-07,0.594538191740799,0.3969952847146432,0.008466523544557776,1.0000000000000004,0.0
8.277703604806409e-07,0.5948108652131523,0.39711697304310223,0.00807216174374552,0.9999999999999998,0.0
8.411214953271029e-07,0.5947160637027001,0.397013283875466,0.008270652421833852,1.0000000000000004,0.0
8.544726301735648e-07,0.595162891649678,0.39733268643781805,0.007504421912503986,1.0,0.0
8.678237650200268e-07,0.5945514981505391,0.3970565289155133,0.008391972933947575,0.9999999999999998,0.0
8.811748998664888e-07,0.5947681104100953,0.39708076969901107,0.008151119890893743,1.0000000000000004,0.0
8.945260347129507e-07,0.594746230653638,0.3971241208854985,0.008129648460863585,0.9999999999999998,0.0
9.078771695594126e-07,0.594869429647616,0.39718533831086084,0.007945232041523078,0.9999999999999999,0.0
9.212283044058746e-07,0.5949735573401602,0.39722542948318146,0.007801013176658297,0.9999999999999998,0.0
9.345794392523366e-07,0.5943767489715329,0.39695240811004545,0.00867084291842163,1.0000000000000004,0.0
9.479305740987985e-07,0.5951515036171067,0.39738597277373994,0.007462523609153356,1.0,0.0
9.612817089452605e-07,0.5944138818755504,0.39690433560001726,0.008681782524432361,1.0000000000000004,0.0
9.746328437917223e-07,0.5951169370612228,0.3974171290735982,0.0074659338651790405,1.0,0.0
9.879839786381843e-07,0.5942980773464985,0.3969222048099316,0.008779717843569809,1.0000000000000004,0.0
1.0013351134846463e-06,0.5950122084493263,0.3974004410632799,0.007587350487393846,1.0,0.0
1.0146862483311082e-06,0.5948474896517073,0.39717818018825174,0.007974330160040883,1.0,0.0
1.0280373831775702e-06,0.5945373032891208,0.3971308595469054,0.008331837163973772,1.0000000000000004,0.0
1.0413885180240322e-06,0.5948238582934245,0.39718781505546014,0.007988326651115327,1.0000000000000004,0.0
1.0547396528704942e-06,0.5946421111358091,0.39707492475649303,0.008282964107697917,1.0000000000000004,0.0
1.0680907877169561e-06,0.5950377948933672,0.39735579241079677,0.0076064126958361004,1.0,0.0
1.0814419225634181e-06,0.5942829888939294,0.39697091328150413,0.008746097824566462,0.9999999999999998,0.0
1.0947930574098799e-06,0.5945331147360757,0.3970300436877944,0.008436841576129847,1.0000000000000004,0.0
1.1081441922563419e-06,0.5948083260479627,0.3972767560140587,0.007914917937978523,1.0,0.0
1.1214953271028038e-06,0.5946162001608963,0.3971783609514747,0.008205438887628987,1.0,0.0
1.1348464619492658e-06,0.5948073534950968,0.39719448034109284,0.007998166163810331,1.0,0.0
1.1481975967957278e-06,0.5945579026204326,0.39705624276377094,0.008385854615796435,1.0000000000000004,0.0
1.1615487316421898e-06,0.5949352366972704,0.3973924920181223,0.00767227128460725,1.0,0.0
1.1748998664886517e-06,0.5948758351855965,0.397311813621609,0.0078123511927944795,1.0,0.0
1.1882510013351137e-06,0.5944590662520234,0.3971084418585186,0.008432491889457968,1.0000000000000004,0.0
1.2016021361815755e-06,0.5946328204942538,0.3973068034304487,0.008060376075297495,1.0,0.0
1.2149532710280374e-06,0.5948049475432784,0.3972884021370158,0.007906650319705881,1.0,0.0
1.2283044058744994e-06,0.5942223828601392,0.39689114080540633,0.00888647633445442,1.0000000000000004,0.0
1.2416555407209614e-06,0.5950970123599058,0.3974859000998267,0.007417087540267559,1.0,0.0
1.2550066755674234e-06,0.594321360889186,0.3970546776701195,0.008623961440694595,1.0000000000000004,0.0
1.2683578104138853e-06,0.5945335748247853,0.3971617518401727,0.008304673335042005,0.9999999999999998,0.0
1.2817089452603473e-06,0.594485181348396,0.3970594205875207,0.008455398064083379,1.0000000000000004,0.0
1.2950600801068093e-06,0.5951707608778458,0.3976053057362057,0.007223933385948496,1.0,0.0
1.3084112149532713e-06,0.5944098575450582,0.3970587852924722,0.008531357162469656,1.0000000000000004,0.0
1.321762349799733e-06,0.5945812819255979,0.3972600366513288,0.008158681423073274,0.9999999999999998,0.0
1.335113484646195e-06,0.5946260442272238,0.3971773124744774,0.008196643298298842,0.9999999999999999,0.0
1.348464619492657e-06,0.5945156041004329,0.3972139014274886,0.008270494472078437,1.0000000000000002,0.0
1.361815754339119e-06,0.5944962675622976,0.3972805049611225,0.00822322747657997,1.0,0.0
1.375166889185581e-06,0.5947284717298056,0.3972883668623554,0.007983161407839078,1.0,0.0
1.388518024032043e-06,0.5943390951973644,0.39716851173772827,0.008492393064907315,1.0000000000000004,0.0
1.4018691588785049e-06,0.5946297556892488,0.3972024018398622,0.008167842470889027,1.0,0.0
1.4152202937249669e-06,0.5946069851965414,0.39729647723285494,0.008096537570603612,1.0,0.0
1.4285714285714286e-06,0.5944318661358643,0.3972024239431104,0.00836570992102529,1.0,0.0
1.4419225634178906e-06,0.5946116046775644,0.3972460683478838,0.00814232697455186,1.0,0.0
1.4552736982643526e-06,0.5943774767540422,0.39725299983265455,0.008369523413303258,1.0,0.0
1.4686248331108146e-06,0.5948435754330328,0.39740938370917933,0.007747040857787937,1.0,0.0
1.4819759679572765e-06,0.5941678718768317,0.3971275950278679,0.008704533095300313,1.0000000000000004,0.0
1.4953271028037385e-06,0.5947020134342387,0.39735857905458727,0.007939407511174055,1.0,0.0
1.5086782376502005e-06,0.5942554822809836,0.3971667012066252,0.008577816512391218,1.0000000000000004,0.0
1.5220293724966625e-06,0.5947437465142762,0.397409444131908,0.007846809353815876,1.0,0.0
1.5353805073431244e-06,0.594249304460661,0.3971729168709231,0.008577778668415869,1.0000000000000004,0.0
1.5487316421895862e-06,0.5946007439482476,0.39734541514115906,0.008053840910593371,1.0,0.0
1.5620827770360482e-06,0.5945283813143715,0.39742788516123256,0.00804373352439596,1.0,0.0
1.5754339118825101e-06,0.5944191788362571,0.3972555092019196,0.008325311961823362,1.0,0.0
1.5887850467289721e-06,0.5943342569638217,0.39720041855959215,0.008465324476586234,1.0,0.0
1.602136181575434e-06,0.5945609873390754,0.3974260082302415,0.008013004430683092,1.0,0.0
1.615487316421896e-06,0.5941647232523797,0.3972153554011686,0.008619921346451736,1.0000000000000004,0.0
1.628838451268358e-06,0.594750823990307,0.39754303016014253,0.007706145849550531,1.0,0.0
1.64218958611482e-06,0.5944456850050559,0.39740529736735014,0.00814901762759403,1.0,0.0
1.6555407209612818e-06,0.5947845386374273,0.3974972288006526,0.007718232561920051,1.0,0.0
1.6688918558077438e-06,0.5940606112271718,0.3972725259375376,0.008666862835290591,1.0000000000000004,0.0
1.6822429906542057e-06,0.5944664533030367,0.3973779267895547,0.008155619907408582,1.0,0.0
1.6955941255006677e-06,0.5942995295466524,0.3974355710143635,0.008264899438984055,1.0,0.0
1.7089452603471297e-06,0.5943449465537934,0.3973054352764627,0.00834961816974385,1.0,0.0
1.7222963951935917e-06,0.5941348901976347,0.39749027609560966,0.008374833706755649,1.0,0.0
1.7356475300400536e-06,0.5942490718518179,0.3973967260827936,0.008354202065388594,1.0,0.0
1.7489986648865156e-06,0.5945781348076065,0.3977874283971447,0.007634436795248843,1.0,0.0
1.7623497997329776e-06,0.5939797307632017,0.3973798123433051,0.008640456893493267,1.0000000000000004,0.0
1.7757009345794394e-06,0.5943117017613173,0.39771867861412347,0.007969619624559228,1.0,0.0
1.7890520694259013e-06,0.5939829602234898,0.3976055254379884,0.00841151433852175,1.0,0.0
1.8024032042723633e-06,0.5938191101623802,0.3974790777988789,0.00870181203874083,1.0000000000000004,0.0
1.8157543391188253e-06,0.5941643986954244,0.3976940763458039,0.0081415249587718,1.0000000000000002,0.0
1.8291054739652873e-06,0.5940589877094451,0.3977035789797404,0.0082374333108145,1.0000000000000004,0.0
1.8424566088117492e-06,0.5941275933282395,0.39776078515992075,0.008111621511839768,1.0000000000000004,0.0
1.8558077436582112e-06,0.5940327400835697,0.3977783323084771,0.00818892760795332,1.0,0.0
1.8691588785046732e-06,0.5936680852386351,0.397501559618483,0.008830355142881953,1.0000000000000002,0.0
1.882510013351135e-06,0.5945322597603758,0.39818440729280674,0.007283332946817443,0.9999999999999998,0.0
1.895861148197597e-06,0.593775664935756,0.3976755376727707,0.008548797391473364,1.0000000000000004,0.0
1.909212283044059e-06,0.593832106319168,0.39770170674390287,0.008466186936929063,1.0,0.0
1.922563417890521e-06,0.5941608265759503,0.3979126475043813,0.007926525919668392,1.0,0.0
1.935914552736983e-06,0.5941070662545938,0.39801743992954036,0.007875493815865851,0.9999999999999998,0.0
1.9492656875834446e-06,0.5937620186710701,0.39769847131717134,0.008539510011758447,1.0000000000000004,0.0
1.962616822429907e-06,0.5941559177110247,0.398096497033856,0.007747585255119247,1.0,0.0
1.9759679572763686e-06,0.5938962304032934,0.3978032961467944,0.008300473449912176,0.9999999999999998,0.0
1.9893190921228308e-06,0.5941214615218128,0.39805726518303286,0.007821273295154368,1.0,0.0
2.0026702269692925e-06,0.5936472271958811,0.3977750820426445,0.008577690761474358,1.0,0.0
2.0160213618157547e-06,0.5939248055418075,0.3979136873479173,0.008161507110275173,1.0,0.0
2.0293724966622165e-06,0.5938879004382318,0.39797686563866785,0.008135233923100402,1.0,0.0
2.0427236315086787e-06,0.5937948452547777,0.3980502991771246,0.00815485556809772,1.0,0.0
2.0560747663551404e-06,0.5933485351357963,0.39787690384427,0.008774561019933735,1.0,0.0
2.069425901201602e-06,0.593337063191135,0.3981250855606238,0.008537851248241149,1.0,0.0
2.0827770360480644e-06,0.5929698992220985,0.3979327361264054,0.009097364651496092,1.0,0.0
2.096128170894526e-06,0.59300641792313,0.3981036962719472,0.008889885804922733,1.0000000000000002,0.0
2.1094793057409883e-06,0.5928795848294912,0.39802787956071334,0.00909253560979537,1.0,0.0
2.12283044058745e-06,0.5930079975584306,0.39816497263379697,0.00882702980777251,1.0,0.0
2.1361815754339123e-06,0.5928492249644861,0.398062161050395,0.00908861398511887,1.0,0.0
2.149532710280374e-06,0.5928075598721665,0.3980310612156295,0.009161378912203958,1.0,0.0
2.1628838451268362e-06,0.5927617952635136,0.3981113185496502,0.00912688618683629,1.0000000000000002,0.0
2.176234979973298e-06,0.592895982683145,0.39822252157035426,0.008881495746500634,1.0,0.0
2.1895861148197598e-06,0.5926227376318023,0.39812574728398126,0.009251515084216438,1.0,0.0
2.202937249666222e-06,0.592410550588139,0.39817964085831664,0.009409808553544426,1.0,0.0
2.2162883845126837e-06,0.5927259396370175,0.39896574104037164,0.008308319322610898,1.0,0.0
2.229639519359146e-06,0.5917812607420733,0.39854232478020213,0.009676414477724628,1.0,0.0
2.2429906542056077e-06,0.5926916807137501,0.39905073248488265,0.00825758680136721,1.0,0.0
2.25634178905207e-06,0.5924611053054061,0.39910090893380634,0.008437985760787659,1.0,0.0
2.2696929238985316e-06,0.5920185223045491,0.3986340115972782,0.009347466098172637,1.0,0.0
2.2830440587449934e-06,0.5927680413963272,0.39937454721060384,0.00785741139306888,1.0,0.0
2.2963951935914556e-06,0.5922426346067393,0.39876798116770695,0.00898938422555378,1.0,0.0
2.3097463284379173e-06,0.5919821110995591,0.39881386716763956,0.009204021732801387,1.0,0.0
2.3230974632843795e-06,0.5924715331019059,0.3989555294694609,0.008572937428633215,1.0,0.0
2.3364485981308413e-06,0.5919452932030886,0.3989236905548003,0.009131016242111092,1.0,0.0
2.3497997329773035e-06,0.5922079194250462,0.398830368470836,0.008961712104117744,1.0,0.0
2.3631508678237652e-06,0.5928073195140882,0.3992389109418766,0.00795376954403533,1.0,0.0
2.3765020026702274e-06,0.5921920393151596,0.39905949745939917,0.008748463225441214,1.0,0.0
2.389853137516689e-06,0.5924590225445956,0.3990452989228851,0.00849567853251939,1.0,0.0
2.403204272363151e-06,0.592232968764288,0.3990772714865012,0.008689759749210905,1.0,0.0
2.416555407209613e-06,0.5924718070557982,0.3992591337597874,0.008269059184414484,1.0,0.0
2.429906542056075e-06,0.5915281619557403,0.3999029107012872,0.0085689273429725,1.0,0.0
2.443257676902537e-06,0.5913136189726621,0.3999498902729273,0.008736490754410575,1.0,0.0
2.456608811748999e-06,0.5911962354079179,0.3998735725557836,0.008930192036298563,1.0,0.0
2.469959946595461e-06,0.5910914415995923,0.3999238450971772,0.008984713303230484,1.0,0.0
2.4833110814419228e-06,0.5912505621795108,0.4000240278876481,0.00872540993284112,1.0,0.0
2.496662216288385e-06,0.590965149872848,0.39981898538036914,0.009215864746782848,0.9999999999999999,0.0
2.5100133511348467e-06,0.5911068484794946,0.39993277810708694,0.008960373413418503,1.0,0.0
2.5233644859813085e-06,0.5909828211566933,0.3998988920864213,0.009118286756885351,1.0,0.0
2.5367156208277707e-06,0.5907931524640574,0.39986840468135737,0.009338442854585257,1.0,0.0
2.5500667556742325e-06,0.5901584917704088,0.4008216377062632,0.009019870523328012,0.9999999999999998,0.0
2.5634178905206946e-06,0.5899815271438542,0.40084770444771445,0.009170768408431302,0.9999999999999998,0.0
2.5767690253671564e-06,0.5899473522121924,0.40106430588012915,0.00898834190767846,1.0,0.0
2.5901201602136186e-06,0.5897302882098361,0.400748945194243,0.009520766595920953,0.9999999999999998,0.0
2.6034712950600804e-06,0.5901764840772408,0.4010892342092271,0.008734281713532152,1.0,0.0
2.6168224299065425e-06,0.589743565121285,0.40099615156700524,0.009260283311709803,0.9999999999999998,0.0
2.6301735647530043e-06,0.5898740979871782,0.40100067384022664,0.009125228172595265,0.9999999999999998,0.0
2.643524699599466e-06,0.5899442864401465,0.40100141134781636,0.009054302212037048,0.9999999999999999,0.0
2.6568758344459283e-06,0.589963062587004,0.40100163390684934,0.009035303506146676,1.0,0.0
2.67022696929239e-06,0.589927558660944,0.4010307738382721,0.009041667500783867,0.9999999999999999,0.0
2.683578104138852e-06,0.5899421699991692,0.40100874951968557,0.009049080481145331,1.0,0.0
2.696929238985314e-06,0.5896420274574579,0.40101118645812656,0.00934678608441553,0.9999999999999999,0.0
2.710280373831776e-06,0.589351926997814,0.4010083346661092,0.009639738336076726,0.9999999999999999,0.0
2.723631508678238e-06,0.5891978344996728,0.40101255904845495,0.00978960645187227,0.9999999999999999,0.0
2.7369826435246997e-06,0.5890182871118974,0.40103579865921024,0.0099459142288923,0.9999999999999999,0.0
2.750333778371162e-06,0.5880509571624072,0.4019865010223011,0.009962541815291718,0.9999999999999999,0.0
2.7636849132176236e-06,0.5874542023022301,0.4029706271133107,0.009575170584459173,0.9999999999999997,0.0
2.777036048064086e-06,0.5872440340419566,0.40297558319927124,0.009780382758772216,0.9999999999999997,0.0
2.7903871829105476e-06,0.5872067631734166,0.40299423959005093,0.009798997236532473,0.9999999999999997,0.0
2.8037383177570098e-06,0.5868997624750495,0.402864020855513,0.010236216669437546,0.9999999999999997,0.0
2.8170894526034715e-06,0.5873276442804496,0.4030336800394843,0.0096386756800661,1.0000000000000002,0.0
2.8304405874499337e-06,0.5874039305872116,0.40295787226721086,0.009638197145577496,0.9999999999999999,0.0
2.8437917222963955e-06,0.5871234367585787,0.40302064472966853,0.009855918511752755,0.9999999999999997,0.0
2.8571428571428573e-06,0.5872770099120577,0.403009200373545,0.009713789714397295,0.9999999999999999,0.0
2.8704939919893194e-06,0.5872886065512671,0.4030079674276683,0.009703426021064542,0.9999999999999999,0.0
2.883845126835781e-06,0.5872230375779453,0.40314782158005313,0.009629140842001572,0.9999999999999999,0.0
2.8971962616822434e-06,0.5871086190032986,0.4031049477189612,0.009786433277740144,1.0000000000000002,0.0
2.910547396528705e-06,0.5868189031702773,0.40313708319309327,0.010044013636629354,0.9999999999999999,0.0
2.9238985313751673e-06,0.5862505632688585,0.40390257577234967,0.009846860958791852,0.9999999999999999,0.0
2.937249666221629e-06,0.5860498326717181,0.4043120290459937,0.009638138282288196,1.0,0.0
2.9506008010680913e-06,0.5854352873526691,0.40486039612119085,0.009704316526140006,1.0,0.0
2.963951935914553e-06,0.5853817940248651,0.40488637827006524,0.009731827705069633,1.0000000000000002,0.0
2.977303070761015e-06,0.585208458601829,0.40488246005677625,0.009909081341394729,1.0,0.0
2.990654205607477e-06,0.5849854487335655,0.40482499963821944,0.010189551628215124,1.0,0.0
3.0040053404539388e-06,0.5851871987229178,0.405098089493836,0.009714711783246137,1.0000000000000002,0.0
3.017356475300401e-06,0.5849562385956911,0.4048912825847628,0.010152478819546076,1.0,0.0
3.0307076101468627e-06,0.5851542784996415,0.4050290915781512,0.0098166299222073,1.0,0.0
3.044058744993325e-06,0.5850335961701089,0.40508840425778253,0.009877999572108592,1.0,0.0
3.0574098798397867e-06,0.5849548191804746,0.4052054269732212,0.009839753846304162,1.0,0.0
3.070761014686249e-06,0.584589877275826,0.4057151780032177,0.00969494472095624,1.0,0.0
3.0841121495327106e-06,0.5841469127696164,0.4063750014402952,0.00947808579008846,0.9999999999999999,0.0
3.0974632843791724e-06,0.5832779596548296,0.40636375501305555,0.01035828533211484,1.0,0.0
3.1108144192256346e-06,0.5835526756339969,0.4069155510976549,0.009531773268348151,0.9999999999999999,0.0
3.1241655540720963e-06,0.5833767079530838,0.4067674583793113,0.009855833667604915,1.0,0.0
3.1375166889185585e-06,0.5835235538177155,0.4071415296652897,0.009334916516994836,0.9999999999999999,0.0
3.1508678237650203e-06,0.5831370350540003,0.40697753711773393,0.009885427828265764,1.0,0.0
3.1642189586114825e-06,0.5832635845327243,0.4071480106477948,0.00958840481948092,0.9999999999999999,0.0
3.1775700934579442e-06,0.5829128026478793,0.4068411357580637,0.010246061594057061,1.0,0.0
3.190921228304406e-06,0.5830521521498634,0.4073943342951827,0.009553513554953916,0.9999999999999999,0.0
3.204272363150868e-06,0.5824692604495167,0.40758433743571065,0.009946402114772657,0.9999999999999998,0.0
3.21762349799733e-06,0.5823472152006796,0.40846090593343887,0.009191878865881551,1.0,0.0
3.230974632843792e-06,0.581336484194562,0.4081574833332481,0.010506032472189973,0.9999999999999999,0.0
3.244325767690254e-06,0.5815913329821294,0.4087476004734978,0.009661066544372786,0.9999999999999997,0.0
3.257676902536716e-06,0.5814549080387661,0.4088392857402483,0.009705806220985559,0.9999999999999997,0.0
3.271028037383178e-06,0.581269709819404,0.408843153632528,0.009887136548068042,0.9999999999999996,0.0
3.28437917222964e-06,0.5810643511518137,0.4090023482703353,0.009933300577851094,0.9999999999999996,0.0
3.297730307076102e-06,0.5811214511756482,0.4090908786042997,0.009787670220052135,0.9999999999999996,0.0
3.3110814419225636e-06,0.5805949983047187,0.4091329759478194,0.010272025747461899,0.9999999999999996,0.0
3.3244325767690258e-06,0.5799272136756095,0.41044568649361257,0.009627099830777955,0.9979735336881069,0.0020264663138602674
3.3377837116154875e-06,0.5107156509408959,0.4786724082640548,0.010611940795049233,0.8708090273062601,0.12919097269121263
3.3511348464619497e-06,0.4528944043823865,0.53529975317703,0.01180584244058346,0.7666787523620113,0.23332124763876078
3.3644859813084115e-06,0.37980932732722716,0.6068072486473596,0.01338342402541328,0.6342951937614462,0.3657048062409603
3.3778371161548737e-06,0.2897686470397448,0.695683196391405,0.014548156568850237,0.4669895853606286,0.5330104146389407
3.3911882510013354e-06,0.1847797639231753,0.7981768788548235,0.01704335722200119,0.2789399797157899,0.7210600202825739
3.4045393858477976e-06,0.09465437247444064,0.8871672618032059,0.018178365722353377,0.11234289075433675,0.8876571092456037
3.4178905206942594e-06,0.05843364803029227,0.9216104374693336,0.01995591450037417,0.051806245961850114,0.9481937540381732
3.431241655540721e-06,0.052383148661018675,0.928594513990871,0.019022337348110333,0.03720504616590282,0.9627949538349349
3.4445927903871833e-06,0.051623280821107564,0.92815302701661,0.020223692162282505,0.037086481791740365,0.9629135182085218
3.457943925233645e-06,0.051543546040874855,0.9279973727302858,0.02045908122883932,0.037086481791740365,0.9629135182085218
3.4712950600801073e-06,0.05153528289454157,0.9280072680294044,0.020457449076054037,0.03656118352472941,0.9634388164755676
3.484646194926569e-06,0.05152844967594694,0.9279781170061224,0.020493433317930666,0.03656118352472941,0.9634388164755676
3.4979973297730312e-06,0.05150436896078148,0.9274854917694737,0.021010139269744783,0.03636393071825177,0.9636360692817159
3.511348464619493e-06,0.05147997432325524,0.9270060186902465,0.02151400698649828,0.03636393071825177,0.9636360692817159
3.524699599465955e-06,0.05147438798858606,0.9269852232139506,0.021540388797463332,0.03606531078682488,0.9639346892130344
3.538050734312417e-06,0.051452697069029774,0.926557133376688,0.021990169554282284,0.03606531078682488,0.9639346892130344
3.5514018691588787e-06,0.051424303782100056,0.9259863339577245,0.02258936226017545,0.037573128602336116,0.9624268713979359
3.564753004005341e-06,0.051402153835838016,0.9256168863522901,0.022980959811871822,0.035391986427980235,0.9646080135718204
3.5781041388518027e-06,0.05139848253352752,0.9255779952402605,0.023023522226211932,0.037573128602336116,0.9624268713979359
3.591455273698265e-06,0.05139977558680664,0.9255994766894873,0.02300074772370604,0.035391986427980235,0.9646080135718204
3.6048064085447266e-06,0.05136831019217425,0.9249964785855773,0.023635211222248403,0.03654448981620574,0.9634555101835462
3.618157543391189e-06,0.051349938213331336,0.9246676808508406,0.02398238093582802,0.03654448981620574,0.9634555101835462
3.6315086782376506e-06,0.051346768961982536,0.9246444412501075,0.024008789787909955,0.034970284725224045,0.9650297152746851
3.6448598130841128e-06,0.0513154067286663,0.9240306918800185,0.024653901391315125,0.034970284725224045,0.9650297152746851
3.6582109479305745e-06,0.051312769536631775,0.9239864363747929,0.024700794088575295,0.0358476527697345,0.9641523472301814
3.6715620827770363e-06,0.05126028100533386,0.9230247652142616,0.025714953780404604,0.03575106611038752,0.9642489338898713
3.6849132176234985e-06,0.05125717647561712,0.9229934843569795,0.02574933916740345,0.03575106611038752,0.9642489338898713
3.6982643524699602e-06,0.05125676346835484,0.9229807536013499,0.025762482930295223,0.0353016167130596,0.9646983832871975
3.7116154873164224e-06,0.051245642436280825,0.9227524582672898,0.026001899296429373,0.0353016167130596,0.9646983832871975
3.724966622162884e-06,0.05120422477707587,0.9220187910422104,0.02677698418071377,0.034824056307825285,0.9651759436918402
3.7383177570093464e-06,0.05120256314675986,0.9219873856101525,0.026810051243087617,0.035156941887071906,0.9648430581133534
3.751668891855808e-06,0.05119297768984754,0.9218129971650898,0.026994025145062682,0.034824056307825285,0.9651759436918402
3.76502002670227e-06,0.051155574590591835,0.9211140170244854,0.02773040838492278,0.03462191440558316,0.9653780855947424
3.778371161548732e-06,0.05114820903308781,0.9209970285849682,0.027854762381943936,0.034360052133929474,0.9656399478661888
3.791722296395194e-06,0.05114180887466524,0.920877375301073,0.02798081582426171,0.034360052133929474,0.9656399478661888
3.805073431241656e-06,0.05114046839864261,0.9208446062161575,0.02801492538519985,0.034105535515610526,0.9658944644847833
3.818424566088118e-06,0.051093922422449034,0.9200036737795383,0.02890240379801271,0.03390337799520039,0.9660966220047442
3.8317757009345796e-06,0.051089891542270505,0.9199269905502652,0.028983117907464356,0.03390337799520039,0.9660966220047442
3.845126835781042e-06,0.05108909734212552,0.9199123667664975,0.028998535891376978,0.03361561849330084,0.9663843815064287
3.858477970627504e-06,0.0510552568867042,0.9192841065148618,0.029660636598434043,0.03361561849330084,0.9663843815064287
3.871829105473966e-06,0.051038471689478615,0.918988271238738,0.02997325707178334,0.033478394407131275,0.9665216055931445
3.8851802403204275e-06,0.05103688988807198,0.918962277834957,0.030000832276971073,0.033478394407131275,0.9665216055931445
3.898531375166889e-06,0.0510370556697588,0.918956193609341,0.030006750720900213,0.03317062890044685,0.966829371099715
3.911882510013352e-06,0.050985866320210294,0.9180234327373817,0.030990700942408,0.032718426881779325,0.9672815731186203
3.925233644859814e-06,0.05098420377756918,0.9179986796730204,0.03101711654941038,0.03317062890044685,0.966829371099715
3.938584779706275e-06,0.050984203937238015,0.9179984632044055,0.031017332858356467,0.032718426881779325,0.9672815731186203
3.951935914552737e-06,0.05093585528628086,0.9171046087761976,0.031959535937521516,0.032718426881779325,0.9672815731186203
3.9652870493992e-06,0.05093087861075174,0.9170206719441476,0.032048449445100685,0.032276753881917926,0.9677232461176133
3.9786381842456615e-06,0.050929322388021725,0.9169953346458698,0.03207534296610851,0.03228283281139708,0.9677171671891838
3.991989319092123e-06,0.050929507929592166,0.9169906621060193,0.0320798299643885,0.032276753881917926,0.9677232461176133
4.005340453938585e-06,0.05088104714202746,0.9161076012290755,0.033011351628897026,0.03190330423357213,0.9680966957665903
4.018691588785047e-06,0.05087528833250765,0.9160065580662624,0.03311815360122999,0.03190330423357213,0.9680966957665903
4.032042723631509e-06,0.05087474272636838,0.9159931292846201,0.0331321279890116,0.031866872399129956,0.9681331276011244
4.045393858477971e-06,0.05082220842517826,0.9150296461404235,0.03414814543439826,0.031842461160598044,0.9681575388395417
4.058744993324433e-06,0.050819894449323444,0.914994389465046,0.03418571608563058,0.031842461160598044,0.9681575388395417
4.072096128170895e-06,0.05082046424537279,0.9150034059828454,0.034176129771781846,0.03146467807725975,0.9685353219228349
4.085447263017357e-06,0.05079042252172705,0.9144451473916216,0.034764430086651255,0.03146467807725975,0.9685353219228349
4.098798397863819e-06,0.05076610857405761,0.914008441681289,0.03522544974465332,0.03143835826396083,0.9685616417369186
4.112149532710281e-06,0.05076552993264172,0.9139992535838601,0.035235216483498144,0.03106139124178053,0.9689386087588855
4.125500667556743e-06,0.05076528438672956,0.9139909005695513,0.03524381504371906,0.03106139124178053,0.9689386087588855
4.138851802403204e-06,0.05071914510100661,0.9131469162014965,0.036133938697496884,0.030999532823926777,0.9690004671760137
4.152202937249667e-06,0.050711471982447076,0.9130114107872612,0.0362771172302917,0.030999532823926777,0.9690004671760137
4.165554072096129e-06,0.05071062539538973,0.9129938091723193,0.0362955654322909,0.030691190472894092,0.9693088095275486
4.1789052069425905e-06,0.050674724919073544,0.9123337742566516,0.03699150082427478,0.030691190472894092,0.9693088095275486
4.192256341789052e-06,0.050656553152283346,0.9120047075160135,0.03733873933170313,0.030581829690272996,0.9694181703102629
4.205607476635515e-06,0.05065651953740147,0.9120056629478117,0.037337817514786834,0.030581829690272996,0.9694181703102629
4.218958611481977e-06,0.05065581452411805,0.9119889892369885,0.03735519623889352,0.030292922909066922,0.9697070770913668
4.232309746328438e-06,0.05062229886960512,0.9113771533504069,0.03800054777998793,0.030292922909066922,0.9697070770913668
4.2456608811749e-06,0.05060240266991456,0.9110149647201156,0.038382632609969825,0.030181625209509618,0.9698183747911902
4.259012016021362e-06,0.050601249299397355,0.9109941849990402,0.0384045657015625,0.029904516982203998,0.9700954830180228
4.2723631508678245e-06,0.05057709798387233,0.9105494643261425,0.03887343768998516,0.029904516982203998,0.9700954830180228
4.285714285714286e-06,0.05057025428116613,0.9104266265383877,0.03900311918044624,0.029904516982203998,0.9700954830180228
4.299065420560748e-06,0.050547256051600487,0.9100061620254326,0.0394465819229669,0.02974869588778801,0.9702513041128428
4.31241655540721e-06,0.05054653194516745,0.9099942561419195,0.039459211912912996,0.02974869588778801,0.9702513041128428
4.3257676902536724e-06,0.05053381031529458,0.9097584800038135,0.03970770968089189,0.02949084464650762,0.9705091553538753
4.339118825100134e-06,0.050518395509326464,0.9094780115571215,0.040003592933552025,0.02949084464650762,0.9705091553538753
4.352469959946596e-06,0.05049244418699361,0.9090025235593637,0.04050503225364271,0.029310993510377546,0.9706890064902506
4.365821094793058e-06,0.0504923831803088,0.9090036608764438,0.04050395594324744,0.0290980776475071,0.970901922353683
4.3791722296395195e-06,0.05048779091161448,0.9089173303234881,0.040594878764897466,0.0290980776475071,0.970901922353683
4.392523364485982e-06,0.050466639377468425,0.9085319965271655,0.041001364095366005,0.0290980776475071,0.970901922353683
4.405874499332444e-06,0.05044550445720897,0.9081438923092098,0.041410603233581304,0.028913730390005655,0.9710862696106999
4.419225634178906e-06,0.05043740053776691,0.9079983249897756,0.04156427447245748,0.028913730390005655,0.9710862696106999
4.432576769025367e-06,0.0504376885600738,0.9080018779864872,0.04156043345343893,0.02872505933457252,0.9712749406662143
4.445927903871829e-06,0.05041464897068748,0.9075810314472286,0.04200431958208393,0.02872505933457252,0.9712749406662143
4.459279038718292e-06,0.05041487059863359,0.9075852623119604,0.04199986708940602,0.028477475492302742,0.9715225245094117
4.4726301735647535e-06,0.05038741058084617,0.9070813411789622,0.04253124824019161,0.028477475492302742,0.9715225245094117
4.485981308411215e-06,0.05038290825785685,0.9070005623766995,0.0426165293654437,0.028337228276912624,0.9716627717239437
4.499332443257677e-06,0.050363800288442895,0.906651032481881,0.04298516722967611,0.028337228276912624,0.9716627717239437
4.51268357810414e-06,0.050362917390951,0.9066359462592726,0.04300113634977644,0.028337228276912624,0.9716627717239437
4.5260347129506014e-06,0.0503629752712389,0.9066373397478852,0.04299968498087588,0.02804931619810523,0.971950683802904
4.539385847797063e-06,0.05036227032495011,0.9066214586013808,0.04301627107366909,0.028337228276912624,0.9716627717239437
4.552736982643525e-06,0.05032864038992935,0.9060080537420429,0.043663305868027774,0.027915730230334324,0.9720842697701243
4.566088117489987e-06,0.05031163038463893,0.9056966360409274,0.04399173357443367,0.027915730230334324,0.9720842697701243
4.579439252336449e-06,0.05031097273358265,0.9056859716540464,0.0440030556123709,0.027915730230334324,0.9720842697701243
4.592790387182911e-06,0.05031149210412944,0.9056955504132754,0.04399295748259512,0.02761971441703625,0.9723802855839543
4.606141522029373e-06,0.05031081598676901,0.9056828901998931,0.04400629381333788,0.027915730230334324,0.9720842697701243
4.619492656875835e-06,0.05028664585334863,0.9052380831040316,0.044475271042619766,0.02761971441703625,0.9723802855839543
4.632843791722297e-06,0.050273555614809506,0.9050009303988009,0.04472551398638962,0.02752044820215559,0.9724795517998208
4.646194926568759e-06,0.050259858608593055,0.9047507178859834,0.04498942350542355,0.02752044820215559,0.9724795517998208
4.659546061415221e-06,0.05025936252526664,0.9047392121371531,0.04500142533758024,0.02752044820215559,0.9724795517998208
4.6728971962616825e-06,0.05020855169261229,0.9038110597465073,0.0459803885608804,0.030261204025479483,0.9697387959757486
4.686248331108144e-06,0.05020773181942051,0.9037981137525113,0.04599415442806825,0.030261204025479483,0.9697387959757486
4.699599465954607e-06,0.05020805262777539,0.9038040826096981,0.045987864762526524,0.026778178755668895,0.9732218212464006
4.712950600801069e-06,0.05020802266247715,0.903803393414822,0.04598858392270092,0.030261204025479483,0.9697387959757486
4.7263017356475304e-06,0.05020775961270452,0.9037987273615161,0.045993513025779316,0.030261204025479483,0.9697387959757486
4.739652870493992e-06,0.05020697969826804,0.9037843339232166,0.04600868637851542,0.030261204025479483,0.9697387959757486
4.753004005340455e-06,0.05020803597427881,0.90380361222405,0.04598835180167115,0.026778178755668895,0.9732218212464006
4.766355140186917e-06,0.05020684603829795,0.9037820464552789,0.04601110750642308,0.030261204025479483,0.9697387959757486
4.779706275033378e-06,0.0502080294643682,0.9038035354064725,0.04598843512915933,0.026778178755668895,0.9732218212464006
4.79305740987984e-06,0.05020576716078573,0.9037622656448496,0.046031967194364656,0.026778178755668895,0.9732218212464006
4.806408544726302e-06,0.05020612664256441,0.9037676482638588,0.046026225093576734,0.026778178755668895,0.9732218212464006
4.8197596795727645e-06,0.05016837482469627,0.9030754801981907,0.04675614497711295,0.026778178755668895,0.9732218212464006
4.833110814419226e-06,0.050156005219047395,0.9028521158924571,0.046991878888495556,0.02862978688544614,0.9713702131163234
4.846461949265688e-06,0.05015594104156029,0.9028510482418938,0.04699301071654593,0.02862978688544614,0.9713702131163234
4.85981308411215e-06,0.050155592293202766,0.9028448602266993,0.046999547480097895,0.02862978688544614,0.9713702131163234
4.873164218958612e-06,0.05015588503973767,0.9028500918574187,0.046994023102843605,0.02862978688544614,0.9713702131163234
4.886515353805074e-06,0.05015594189130679,0.9028512338240043,0.046992824284688914,0.026353041304387877,0.9736469586966746
4.899866488651536e-06,0.05015525882542171,0.9028386261668406,0.04700611500773771,0.026353041304387877,0.9736469586966746
4.913217623497998e-06,0.05015525287311684,0.9028386116581555,0.04700613546872764,0.026353041304387877,0.9736469586966746
4.9265687583444594e-06,0.05015464731419117,0.9028268507582852,0.04701850192752367,0.026353041304387877,0.9736469586966746
4.939919893190922e-06,0.050126759032006585,0.9023145708227789,0.047558670145214546,0.026353041304387877,0.9736469586966746
4.953271028037384e-06,0.050109401598272596,0.9019987528682027,0.047891845533524706,0.026353041304387877,0.9736469586966746
4.9666221628838456e-06,0.05007063285437452,0.901288301266704,0.048641065878921495,0.0274168514765197,0.9725831485249209
4.979973297730307e-06,0.05005499477377451,0.9010050694443891,0.048939935781836405,0.0274168514765197,0.9725831485249209
4.99332443257677e-06,0.05005439088335495,0.9009944587740257,0.04895115034261937,0.0274168514765197,0.9725831485249209
5.006675567423232e-06,0.05005554631408471,0.9010154159200864,0.048929037765828944,0.025904602431412273,0.9740953975710234
5.0200267022696935e-06,0.050054676005746646,0.9009995602248413,0.04894576376941208,0.0274168514765197,0.9725831485249209
5.033377837116155e-06,0.05005503038733072,0.9010060358456953,0.04893893376697398,0.0274168514765197,0.9725831485249209
5.046728971962617e-06,0.05005473996417564,0.9010007850111785,0.04894447502464578,0.0274168514765197,0.9725831485249209
5.06008010680908e-06,0.05005524635254155,0.901009980690846,0.04893477295661243,0.025904602431412273,0.9740953975710234
5.073431241655541e-06,0.050054406355491854,0.9009946806678065,0.04895091297670167,0.0274168514765197,0.9725831485249209
5.086782376502003e-06,0.05005453688142658,0.9009970437442518,0.04894841937432155,0.0274168514765197,0.9725831485249209
5.100133511348465e-06,0.05005489244198613,0.9010036441409754,0.048941463417038374,0.025904602431412273,0.9740953975710234
5.1134846461949275e-06,0.05005418553887675,0.9009906166690416,0.04895519779208172,0.025904602431412273,0.9740953975710234
5.126835781041389e-06,0.05005429737331657,0.9009927074786467,0.048952995148036756,0.025904602431412273,0.9740953975710234
5.140186915887851e-06,0.05005443624604966,0.9009952743084069,0.04895028944554346,0.025904602431412273,0.9740953975710234
5.153538050734313e-06,0.05005417172977944,0.900990365942707,0.04895546232751353,0.0274168514765197,0.9725831485249209
5.1668891855807746e-06,0.050053468219023345,0.9009773770080807,0.048969154772896005,0.025904602431412273,0.9740953975710234
5.180240320427237e-06,0.050052589645689705,0.9009613154494532,0.048986094904857086,0.025904602431412273,0.9740953975710234
5.193591455273699e-06,0.05005230364194968,0.9009561624512992,0.0489915339067511,0.025904602431412273,0.9740953975710234
5.206942590120161e-06,0.05005214663870339,0.9009533502928121,0.04899450306848455,0.025904602431412273,0.9740953975710234
5.2202937249666225e-06,0.05005235337785363,0.9009569913106035,0.04899065531154287,0.025904602431412273,0.9740953975710234
5.233644859813085e-06,0.050051743394586956,0.9009459464869931,0.049002310118419885,0.025904602431412273,0.9740953975710234
5.246995994659547e-06,0.050052503428880124,0.9009598066617316,0.04898768990938829,0.025496656876824106,0.9745033431247604
5.260347129506009e-06,0.0500515215691576,0.9009418693301936,0.04900660910064879,0.025904602431412273,0.9740953975710234
5.27369826435247e-06,0.05005174349077879,0.9009459726415225,0.04900228386769869,0.025904602431412273,0.9740953975710234
5.287049399198932e-06,0.050052502673516575,0.9009599089195393,0.048987588406944164,0.025496656876824106,0.9745033431247604
5.300400534045395e-06,0.05005105027784462,0.9009336492560588,0.04901530046609659,0.025904602431412273,0.9740953975710234
5.3137516688918565e-06,0.05005173300451926,0.9009475359365323,0.04900073105894837,0.025496656876824106,0.9745033431247604
5.327102803738318e-06,0.050051384276073696,0.9009452646947658,0.04900335102916056,0.025496656876824106,0.9745033431247604
5.34045393858478e-06,0.05005105629094764,0.900946738555096,0.049002205153956396,0.025496656876824106,0.9745033431247604
5.353805073431243e-06,0.050051282478974723,0.9009348413355769,0.04901387618544843,0.025904602431412273,0.9740953975710234
5.367156208277704e-06,0.050051411683685765,0.9009385092595835,0.049010079056730764,0.025496656876824106,0.9745033431247604
5.380507343124166e-06,0.050045417492324384,0.9008234924356296,0.04913109007204599,0.025496656876824106,0.9745033431247604
5.393858477970628e-06,0.04996998754015447,0.8994435623166981,0.05058645014314739,0.02548467149125016,0.9745153285105264
5.40720961281709e-06,0.04994837159830434,0.8990552463900069,0.050996382011688754,0.02548467149125016,0.9745153285105264
5.420560747663552e-06,0.04994879534778007,0.8990639163969191,0.050987288255300904,0.02548467149125016,0.9745153285105264
5.433911882510014e-06,0.049948560276928955,0.8990596570255105,0.05099178269756052,0.02548467149125016,0.9745153285105264
5.447263017356476e-06,0.04994815392208207,0.8990521864609077,0.05099965961701027,0.02548467149125016,0.9745153285105264
5.460614152202938e-06,0.04994849265438339,0.8990583338366954,0.05099317350892121,0.02548467149125016,0.9745153285105264
5.473965287049399e-06,0.04994840488827046,0.899056831338767,0.050994763772962505,0.02548467149125016,0.9745153285105264
5.487316421895862e-06,0.04994831220944662,0.8990551485028434,0.05099653928771,0.02548467149125016,0.9745153285105264
5.500667556742324e-06,0.04994850975561704,0.8990586417661866,0.050992848478196386,0.02548467149125016,0.9745153285105264
5.5140186915887855e-06,0.04994845225785305,0.8990576419167453,0.05099390582540162,0.02548467149125016,0.9745153285105264
5.527369826435247e-06,0.04994788836355324,0.8990473453479637,0.051004766288483036,0.025060400831912407,0.9749395991700399
5.54072096128171e-06,0.049948868140887615,0.8990652855684633,0.05098584629064906,0.02548467149125016,0.9745153285105264
5.554072096128172e-06,0.04994822644001362,0.8990535870703971,0.0509981864895893,0.02548467149125016,0.9745153285105264
5.567423230974633e-06,0.04994846775270034,0.8990579782513715,0.050993553995928226,0.025060400831912407,0.9749395991700399
5.580774365821095e-06,0.049948472093965246,0.8990580488367443,0.05099347906929044,0.025060400831912407,0.9749395991700399
5.594125500667557e-06,0.049947740087178394,0.8990447484855055,0.05100751142731606,0.02548467149125016,0.9745153285105264
5.6074766355140196e-06,0.049948547076833494,0.8990593416848903,0.05099211123827618,0.025060400831912407,0.9749395991700399
5.620827770360481e-06,0.049948300343765406,0.8990549552460502,0.05099674441018442,0.025060400831912407,0.9749395991700399
5.634178905206943e-06,0.049947648611505024,0.8990429720295487,0.051009379358946214,0.02548467149125016,0.9745153285105264
5.647530040053405e-06,0.04994881401493101,0.8990642439564045,0.05098694202866454,0.025060400831912407,0.9749395991700399
5.6608811748998675e-06,0.04994735272398776,0.899037572031651,0.0510150752443612,0.02548467149125016,0.9745153285105264
5.674232309746329e-06,0.04994803786294433,0.899050067196745,0.05100189494031069,0.025060400831912407,0.9749395991700399
5.687583444592791e-06,0.049947759797848934,0.8990450999221151,0.051007140280035924,0.025060400831912407,0.9749395991700399
5.700934579439253e-06,0.049947925131754056,0.899048063114816,0.05100401175342995,0.025060400831912407,0.9749395991700399
5.7142857142857145e-06,0.04994827593542561,0.8990543599711107,0.050997364093463664,0.025060400831912407,0.9749395991700399
5.727636849132177e-06,0.04994770932761894,0.8990441715695291,0.051008119102851995,0.02548467149125016,0.9745153285105264
5.740987983978639e-06,0.04994843018705175,0.8990573095993486,0.05099426021359966,0.025060400831912407,0.9749395991700399
5.754339118825101e-06,0.04994803999800401,0.8990501388625345,0.05100182113946145,0.025060400831912407,0.9749395991700399
5.767690253671562e-06,0.04994798497525299,0.8990491537073259,0.05100286131742116,0.025060400831912407,0.9749395991700399
5.781041388518025e-06,0.04994795943836983,0.8990486454162552,0.05100339514537502,0.025060400831912407,0.9749395991700399
5.794392523364487e-06,0.04994785586632977,0.899046802759682,0.051005341373988274,0.025060400831912407,0.9749395991700399
5.8077436582109486e-06,0.049947913024019686,0.899047827655419,0.05100425932056131,0.025060400831912407,0.9749395991700399
5.82109479305741e-06,0.04994723598893169,0.8990355752411113,0.05101718876995701,0.025060400831912407,0.9749395991700399
5.834445927903872e-06,0.04994742024101195,0.8990395934709936,0.051012986287994395,0.025060400831912407,0.9749395991700399
5.847797062750335e-06,0.049947715964425154,0.8990446913810821,0.05100759265449275,0.025060400831912407,0.9749395991700399
5.8611481975967965e-06,0.04994800482662343,0.8990497993382363,0.05100219583514029,0.025060400831912407,0.9749395991700399
5.874499332443258e-06,0.04994779257706172,0.8990456336614767,0.05100657376146152,0.025060400831912407,0.9749395991700399
5.88785046728972e-06,0.049946827682316175,0.8990280496593548,0.05102512265832899,0.025060400831912407,0.9749395991700399
5.901201602136183e-06,0.04994564243878197,0.8990062564768285,0.05104810108438954,0.025060400831912407,0.9749395991700399
5.914552736982644e-06,0.049945714236050875,0.8990077399783624,0.05104654578558682,0.025060400831912407,0.9749395991700399
5.927903871829106e-06,0.04994585192269485,0.8990102581371534,0.05104388994015172,0.025060400831912407,0.9749395991700399
5.941255006675568e-06,0.04994501085378944,0.8989948999577075,0.051060089188502994,0.025060400831912407,0.9749395991700399
5.95460614152203e-06,0.049945590132359996,0.8990054294017126,0.05104898046592741,0.02473229641804344,0.9752677035835351
5.967957276368492e-06,0.049945422721813904,0.8990024018181183,0.05105217546006776,0.025060400831912407,0.9749395991700399
5.981308411214954e-06,0.04994500253017253,0.8989947585986451,0.051060238871182356,0.025060400831912407,0.9749395991700399
5.994659546061416e-06,0.049945880513661334,0.8990108001814839,0.05104331930485475,0.02473229641804344,0.9752677035835351
6.0080106809078775e-06,0.049945299896046125,0.8990002691615756,0.051054430942378326,0.025060400831912407,0.9749395991700399
6.02136181575434e-06,0.04994510088290871,0.8989966630117063,0.05105823610538494,0.025060400831912407,0.9749395991700399
6.034712950600802e-06,0.04994590753890882,0.89901119203277,0.05104290042832118,0.02473229641804344,0.9752677035835351
6.048064085447264e-06,0.0499449428163008,0.8989935635117976,0.051061493671901596,0.025060400831912407,0.9749395991700399
6.0614152202937255e-06,0.04994592469651804,0.8990115092174696,0.05104256608601227,0.02473229641804344,0.9752677035835351
6.074766355140187e-06,0.04994509308299355,0.8989963862421848,0.051058520674821604,0.025060400831912407,0.9749395991700399
6.08811748998665e-06,0.04994520535370084,0.8989984313984876,0.05105636324781163,0.025060400831912407,0.9749395991700399
6.101468624833112e-06,0.049945329139481465,0.8990007074173236,0.05105396344319486,0.02473229641804344,0.9752677035835351
6.114819759679573e-06,0.049945135573624344,0.8989971208208555,0.05105774360552017,0.02473229641804344,0.9752677035835351
6.128170894526035e-06,0.04994506874210769,0.8989960826650916,0.051058848592800764,0.02473229641804344,0.9752677035835351
6.141522029372498e-06,0.04994492194672906,0.8989948228740099,0.051060255179261015,0.02473229641804344,0.9752677035835351
6.1548731642189595e-06,0.049944341016594285,0.8989956739581051,0.05105998502530064,0.02473229641804344,0.9752677035835351
6.168224299065421e-06,0.04994352542881664,0.898996234686735,0.05106023988444837,0.02473229641804344,0.9752677035835351
6.181575433911883e-06,0.0499452593969254,0.8989956316077391,0.051059108995335556,0.025060400831912407,0.9749395991700399
6.194926568758345e-06,0.04994589969588337,0.8989997037314114,0.05105439657270525,0.02473229641804344,0.9752677035835351
6.208277703604807e-06,0.04994584178896255,0.8989999446335976,0.05105421357743985,0.02473229641804344,0.9752677035835351
6.221628838451269e-06,0.04994495873111193,0.8989937441837642,0.051061297085123844,0.02473229641804344,0.9752677035835351
6.234979973297731e-06,0.04994478476122843,0.898988046526092,0.05106716871267962,0.02473229641804344,0.9752677035835351
6.248331108144193e-06,0.049945422769965275,0.8989986388246477,0.05105593840538698,0.02473229641804344,0.9752677035835351
6.261682242990655e-06,0.04989998719227007,0.8981684982929008,0.05193151451482916,0.02473229641804344,0.9752677035835351
6.275033377837117e-06,0.049896302506958756,0.8981044350797044,0.05199926241333683,0.02473229641804344,0.9752677035835351
6.288384512683579e-06,0.04989609932108863,0.8981039423794119,0.051999958299499445,0.02473229641804344,0.9752677035835351
6.301735647530041e-06,0.04989555702188386,0.898107857436782,0.05199658554133411,0.02473229641804344,0.9752677035835351
6.315086782376502e-06,0.049896424306740794,0.8981030682260163,0.05200050746724297,0.02473229641804344,0.9752677035835351
6.328437917222965e-06,0.04989673150651419,0.898105899126929,0.05199736936655686,0.024674525042484033,0.9753254749600337
6.341789052069427e-06,0.049896353467063115,0.8981029958984831,0.05200065063445377,0.02473229641804344,0.9752677035835351
6.3551401869158885e-06,0.04989635950211402,0.8981047454897513,0.05199889500813465,0.02473229641804344,0.9752677035835351
6.36849132176235e-06,0.04989614145357402,0.8981030727338156,0.05200078581261038,0.02473229641804344,0.9752677035835351
6.381842456608812e-06,0.049896320210321754,0.898106804489343,0.05199687530033524,0.024674525042484033,0.9753254749600337
6.395193591455275e-06,0.04989619302733672,0.8981033524834514,0.05200045448921184,0.02473229641804344,0.9752677035835351
6.408544726301736e-06,0.049895929125329364,0.8981032945716303,0.0520007763030404,0.02473229641804344,0.9752677035835351
6.421895861148198e-06,0.049896163586718556,0.8981049966032328,0.05199883981004864,0.024674525042484033,0.9753254749600337
6.43524699599466e-06,0.049896235780562126,0.8981028910235291,0.05200087319590879,0.024674525042484033,0.9753254749600337
6.4485981308411225e-06,0.04989608771839693,0.8981014668043517,0.052002445477251386,0.024674525042484033,0.9753254749600337
6.461949265687584e-06,0.049896081862059294,0.8981025556324248,0.0520013625055159,0.02473229641804344,0.9752677035835351
6.475300400534046e-06,0.04989628660042733,0.8981043913699487,0.051999322029624005,0.024674525042484033,0.9753254749600337
6.488651535380508e-06,0.04989586259676271,0.898104119402697,0.05200001800054032,0.024674525042484033,0.9753254749600337
6.50200267022697e-06,0.049896006745057564,0.898102402319322,0.05200159093562038,0.024674525042484033,0.9753254749600337
6.515353805073432e-06,0.04989618093883896,0.8981032581636756,0.05200056089748545,0.024674525042484033,0.9753254749600337
6.528704939919894e-06,0.049896020826751486,0.8981031548061695,0.05200082436707901,0.024674525042484033,0.9753254749600337
6.542056074766356e-06,0.049895788418730325,0.8981041651329076,0.05200004644836212,0.024674525042484033,0.9753254749600337
6.5554072096128175e-06,0.0498932374726363,0.8981049212174507,0.052001841309913026,0.024674525042484033,0.9753254749600337
6.56875834445928e-06,0.04975682608046916,0.8980821032326718,0.05216107068685902,0.024674525042484033,0.9753254749600337
6.582109479305742e-06,0.044258834850456785,0.9037462633719201,0.0519949017776231,0.015672769000151684,0.9843272310018724
6.595460614152204e-06,0.03298568636581045,0.915001619162025,0.052012694472164445,0.0,1.0
6.608811748998665e-06,0.025726754166522814,0.9210000668841679,0.053273178949309295,0.0,1.0
6.622162883845127e-06,0.014419240167090064,0.9123984040980694,0.07318235573484055,0.0,1.0000000000000002
6.63551401869159e-06,0.0058998887360224295,0.7989898836662167,0.19511022759776092,0.0,0.9999999999999999
6.6488651535380515e-06,0.0034098259420911603,0.5637092174689126,0.43288095658899634,0.0,0.9999999999999994
6.662216288384513e-06,0.004204369297834409,0.3569686953111495,0.6388269353910161,0.0,0.999999999999999
6.675567423230975e-06,0.004264410617878078,0.24883208457745065,0.7469035048046713,0.0,1.0000000000000004
6.688918558077438e-06,0.005743429993464111,0.1860002839151547,0.8082562860913812,0.0,1.0
6.7022696929238994e-06,0.0050097217304736485,0.143989125333358,0.8510011529361684,0.0,1.0
6.715620827770361e-06,0.0053457060527688505,0.1126563962031863,0.8819978977440448,0.0,1.0000000000000002
6.728971962616823e-06,0.0055041279062564286,0.08838465788121913,0.9061112142125245,0.0,1.0
6.742323097463285e-06,0.006037178171375279,0.06915993882305643,0.9248028830055682,0.0,1.0
6.755674232309747e-06,0.005490909157240709,0.05366563973669048,0.9408434511060688,0.0,1.0
6.769025367156209e-06,0.005303079813947842,0.04100004728076655,0.9536968729052856,0.0,0.9999999999999999
6.782376502002671e-06,0.005893947574933112,0.031067642742898523,0.9630384096821684,0.0,0.9999999999999999
6.795727636849133e-06,0.005949344653316424,0.023059755600844042,0.9709908997458395,0.0,0.9999999999999999
6.809078771695595e-06,0.005268637533256126,0.016729213249754047,0.9780021492169898,0.0,1.0
6.822429906542057e-06,0.005257001522370408,0.01200018908478253,0.9827428093928471,0.0,1.0
6.835781041388519e-06,0.00540492522552094,0.008083101548159066,0.98651197322632,0.0,1.0000000000000002
6.8491321762349805e-06,0.0040678182199329616,0.005938790010116888,0.9899933917699502,0.0,1.0
6.862483311081442e-06,0.00597980114526353,0.003622407942682565,0.9903977909120539,0.0,1.0
6.875834445927905e-06,0.005816713747585411,0.002187526104143722,0.9919957601482708,0.0,1.0
6.889185580774367e-06,0.005004693986736863,0.001999804841794475,0.9929955011714686,0.0,1.0000000000000002
6.9025367156208284e-06,0.004939596240604027,0.001046715989564168,0.9940136877698318,0.0,0.9999999999999999
6.91588785046729e-06,0.0049990908490014085,0.0009999706199785466,0.99400093853102,0.0,0.9999999999999999
6.929238985313753e-06,0.005076753236742504,0.00020167920874339685,0.9947215675545141,0.0,1.0
6.9425901201602146e-06,0.0048830870029012985,0.0001209458503234164,0.9949959671467753,0.0,1.0
6.955941255006676e-06,0.00488793979396418,0.00011283252864316739,0.9949992276773927,0.0,1.0
6.969292389853138e-06,0.004863474819625235,0.00013452541630500477,0.9950019997640698,0.0,1.0
6.9826435246996e-06,0.0048502429507056855,0.00014620626619125368,0.9950035507831031,0.0,1.0
6.9959946595460625e-06,0.0040828937692807266,0.00015011846579284272,0.9957669877649264,0.0,1.0
7.009345794392524e-06,0.0038531575486409064,0.00014838234804086405,0.9959984601033183,0.0,1.0
7.022696929238986e-06,0.003833340619329384,0.0001658422529519538,0.9960008171277187,0.0,1.0
7.036048064085448e-06,0.003823177956487789,0.0001756690941919048,0.9960011529493203,0.0,1.0
7.04939919893191e-06,0.0038238997418849063,0.00017375179504505934,0.99600234846307,0.0,1.0
7.062750333778372e-06,0.003344887406174224,7.679503819988447e-05,0.9965783175556259,0.0,1.0
7.076101468624834e-06,0.002998449295718575,2.9747414886342233e-06,0.9969985759627928,0.0,1.0
7.089452603471296e-06,0.0030046670246711704,1.6329509864374135e-06,0.9969937000243424,0.0,1.0
7.1028037383177574e-06,0.002999616719968068,1.4680185219214439e-06,0.99699891526151,0.0,1.0
7.11615487316422e-06,0.0030024969349563557,1.3194596034223653e-06,0.9969961836054402,0.0,1.0
7.129506008010682e-06,0.0029955619605382955,1.3923862536458152e-06,0.9970030456532081,0.0,1.0
7.1428571428571436e-06,0.0030014981547998865,1.2425582270340865e-06,0.996997259286973,0.0,1.0
7.156208277703605e-06,0.0029911130806030695,1.4459322288618298e-06,0.9970074409871681,0.0,1.0
7.169559412550068e-06,0.00300278564209866,1.14790096028524e-06,0.996996066456941,0.0,1.0
7.18291054739653e-06,0.0029970475024019283,1.2002968490219478e-06,0.997001752200749,0.0,1.0
7.1962616822429915e-06,0.0029972228604581153,1.1075214909997538e-06,0.9970016696180509,0.0,1.0
7.209612817089453e-06,0.0024206074301387215,1.052399602142477e-06,0.9975783401702591,0.0,1.0
7.222963951935915e-06,0.0020081699689386,2.3803570525213396e-06,0.9979894496740089,0.0,1.0
7.236315086782378e-06,0.001995685457890861,4.345434423521173e-06,0.9979999691076856,0.0,1.0
7.249666221628839e-06,0.001997535546169993,5.799864321297368e-06,0.9979966645895088,0.0,1.0
7.263017356475301e-06,0.0019968237828509317,6.598920713770556e-06,0.9979965772964353,0.0,1.0
7.276368491321763e-06,0.001990632280613025,7.03118240992711e-06,0.998002336536977,0.0,1.0
7.2897196261682255e-06,0.002000866781179167,7.1926484847617686e-06,0.997991940570336,0.0,1.0000000000000002
7.303070761014687e-06,0.001990905391142883,7.393454744296332e-06,0.9980017011541128,0.0,1.0
7.316421895861149e-06,0.0020005324927148127,7.457083621200598e-06,0.997992010423664,0.0,1.0
7.329773030707611e-06,0.001993125945421337,7.607806926957131e-06,0.9979992662476517,0.0,1.0
7.3431241655540726e-06,0.0019898821133321754,7.737958815109297e-06,0.9980023799278527,0.0,1.0000000000000002
7.356475300400535e-06,0.0019956671901887324,7.828456106958998e-06,0.9979965043537044,0.0,1.0
7.369826435246997e-06,0.0019852467670145035,8.019652305771424e-06,0.9980067335806797,0.0,1.0000000000000002
7.383177570093459e-06,0.0019855901439645995,8.162502996147859e-06,0.9980062473530392,0.0,1.0000000000000002
7.3965287049399205e-06,0.0019939325327701374,8.275422222495737e-06,0.9979977920450074,0.0,1.0000000000000002
7.409879839786382e-06,0.0019857565874565886,8.486736741979369e-06,0.9980057566758014,0.0,1.0
7.423230974632845e-06,0.001992856303096535,8.609615510297285e-06,0.9979985340813932,0.0,1.0000000000000002
7.436582109479307e-06,0.0019865410848177723,8.982405302279609e-06,0.99800447650988,0.0,1.0000000000000002
7.449933244325768e-06,0.0019868466168508903,9.477967377245265e-06,0.9980036754157718,0.0,1.0000000000000002
7.46328437917223e-06,0.001990969562374101,2.9193496343442583e-06,0.9980061110879915,0.0,1.0000000000000002
7.476635514018693e-06,0.0006457891040511088,0.0004379067527937843,0.9989163041431551,0.0,1.0000000000000002
7.4899866488651545e-06,0.0005061318454501196,0.0004937976394773224,0.9990000705150726,0.0,1.0000000000000002
7.503337783711616e-06,0.0005064319688582453,0.0004942678459905999,0.9989993001851512,0.0,1.0000000000000002
7.516688918558078e-06,0.0005059835604933616,0.0004935032545692757,0.9990005131849373,0.0,1.0000000000000002
7.53004005340454e-06,7.047689783712396e-05,6.838588462420354e-05,0.9998611372175387,0.0,1.0000000000000002
7.543391188251002e-06,1.0683077904527494e-06,1.0015286967214707e-06,0.9999979301635128,0.0,1.0000000000000002
7.556742323097464e-06,1.0026440375732193e-06,1.000000675252439e-06,0.9999979973552872,0.0,1.0000000000000002
7.570093457943926e-06,1.00013627757356e-06,1.0000000001851535e-06,0.9999979998637223,0.0,1.0000000000000002
7.583444592790388e-06,1.000007057605501e-06,1e-06,0.9999979999929424,0.0,1.0000000000000002
7.59679572763685e-06,1.0000003120014256e-06,1e-06,0.999997999999688,0.0,1.0000000000000002
7.610146862483312e-06,9.999999999177334e-07,1e-06,0.999998,0.0,1.0000000000000002
7.623497997329774e-06,9.999999999177334e-07,1e-06,0.999998,0.0,1.0000000000000002
7.636849132176236e-06,9.999999999177334e-07,1e-06,0.999998,0.0,1.0000000000000002
7.650200267022698e-06,9.999999999177334e-07,1e-06,0.999998,0.0,1.0000000000000002
7.663551401869159e-06,9.999999999177334e-07,1e-06,0.999998,0.0,1.0000000000000002
7.676902536715622e-06,9.999999999177334e-07,1e-06,0.999998,0.0,1.0000000000000002
7.690253671562084e-06,9.999999999177334e-07,1e-06,0.999998,0.0,1.0000000000000002
7.703604806408545e-06,9.999999999177334e-07,1e-06,0.999998,0.0,1.0000000000000002
7.716955941255008e-06,9.999999999177334e-07,1e-06,0.999998,0.0,1.0000000000000002
7.730307076101469e-06,9.999999999177334e-07,1e-06,0.999998,0.0,1.0000000000000002
7.743658210947931e-06,9.999999999177334e-07,1e-06,0.999998,0.0,1.0000000000000002
7.757009345794394e-06,9.999999999177334e-07,1e-06,0.999998,0.0,1.0000000000000002
7.770360480640855e-06,9.999999999177334e-07,1e-06,0.999998,0.0,1.0000000000000002
7.783711615487318e-06,9.999999999177334e-07,1e-06,0.999998,0.0,1.0000000000000002
7.797062750333778e-06,9.999999999177334e-07,1e-06,0.999998,0.0,1.0000000000000002
7.810413885180241e-06,9.999999999177334e-07,1e-06,0.999998,0.0,1.0000000000000002
7.823765020026704e-06,9.999999999177334e-07,1e-06,0.999998,0.0,1.0000000000000002
7.837116154873165e-06,9.999999999177334e-07,1e-06,0.999998,0.0,1.0000000000000002
7.850467289719627e-06,9.999999999177334e-07,1e-06,0.999998,0.0,1.0000000000000002
7.863818424566088e-06,9.999999999177334e-07,1e-06,0.999998,0.0,1.0000000000000002
7.87716955941255e-06,9.999999999177334e-07,1e-06,0.999998,0.0,1.0000000000000002
7.890520694259013e-06,9.999999999177334e-07,1e-06,0.999998,0.0,1.0000000000000002
7.903871829105474e-06,9.999999999177334e-07,1e-06,0.999998,0.0,1.0000000000000002
7.917222963951937e-06,9.999999999177334e-07,1e-06,0.999998,0.0,1.0000000000000002
7.9305740987984e-06,9.999999999177334e-07,1e-06,0.999998,0.0,1.0000000000000002
7.94392523364486e-06,9.999999999177334e-07,1e-06,0.999998,0.0,1.0000000000000002
7.957276368491323e-06,9.999999999177334e-07,1e-06,0.999998,0.0,1.0000000000000002
7.970627503337784e-06,9.999999999177334e-07,1e-06,0.999998,0.0,1.0000000000000002
7.983978638184247e-06,9.999999999177334e-07,1e-06,0.999998,0.0,1.0000000000000002
7.997329773030709e-06,9.999999999177334e-07,1e-06,0.999998,0.0,1.0000000000000002
8.01068090787717e-06,9.999999999177334e-07,1e-06,0.999998,0.0,1.0000000000000002
8.024032042723633e-06,9.999999999177334e-07,1e-06,0.999998,0.0,1.0000000000000002
8.037383177570094e-06,9.999999999177334e-07,1e-06,0.999998,0.0,1.0000000000000002
8.050734312416556e-06,9.999999999177334e-07,1e-06,0.999998,0.0,1.0000000000000002
8.064085447263019e-06,9.999999999177334e-07,1e-06,0.999998,0.0,1.0000000000000002
8.07743658210948e-06,9.999999999177334e-07,1e-06,0.999998,0.0,1.0000000000000002
8.090787716955942e-06,9.999999999177334e-07,1e-06,0.999998,0.0,1.0000000000000002
8.104138851802403e-06,9.999999999177334e-07,1e-06,0.999998,0.0,1.0000000000000002
8.117489986648866e-06,9.999999999177334e-07,1e-06,0.999998,0.0,1.0000000000000002
8.130841121495328e-06,9.999999999177334e-07,1e-06,0.999998,0.0,1.0000000000000002
8.14419225634179e-06,9.999999999177334e-07,1e-06,0.999998,0.0,1.0000000000000002
8.157543391188252e-06,9.999999999177334e-07,1e-06,0.999998,0.0,1.0000000000000002
8.170894526034715e-06,9.999999999177334e-07,1e-06,0.999998,0.0,1.0000000000000002
8.184245660881176e-06,9.999999999177334e-07,1e-06,0.999998,0.0,1.0000000000000002
8.197596795727638e-06,9.999999999177334e-07,1e-06,0.999998,0.0,1.0000000000000002
8.210947930574099e-06,9.999999999177334e-07,1e-06,0.999998,0.0,1.0000000000000002
8.224299065420562e-06,9.999999999177334e-07,1e-06,0.999998,0.0,1.0000000000000002
8.237650200267024e-06,9.999999999177334e-07,1e-06,0.999998,0.0,1.0000000000000002
8.251001335113485e-06,9.999999999177334e-07,1e-06,0.999998,0.0,1.0000000000000002
8.264352469959948e-06,9.999999999177334e-07,1e-06,0.999998,0.0,1.0000000000000002
8.277703604806409e-06,9.999999999177334e-07,1e-06,0.999998,0.0,1.0000000000000002
8.291054739652871e-06,9.999999999177334e-07,1e-06,0.999998,0.0,1.0000000000000002
8.304405874499334e-06,9.999999999177334e-07,1e-06,0.999998,0.0,1.0000000000000002
8.317757009345795e-06,9.999999999177334e-07,1e-06,0.999998,0.0,1.0000000000000002
8.331108144192257e-06,9.999999999177334e-07,1e-06,0.999998,0.0,1.0000000000000002
8.344459279038718e-06,9.999999999177334e-07,1e-06,0.999998,0.0,1.0000000000000002
8.357810413885181e-06,9.999999999177334e-07,1e-06,0.999998,0.0,1.0000000000000002
8.371161548731644e-06,9.999999999177334e-07,1e-06,0.999998,0.0,1.0000000000000002
8.384512683578105e-06,9.999999999177334e-07,1e-06,0.999998,0.0,1.0000000000000002
8.397863818424567e-06,9.999999999177334e-07,1e-06,0.999998,0.0,1.0000000000000002
8.41121495327103e-06,9.999999999177334e-07,1e-06,0.999998,0.0,1.0000000000000002
8.42456608811749e-06,9.999999999177334e-07,1e-06,0.999998,0.0,1.0000000000000002
8.437917222963953e-06,9.999999999177334e-07,1e-06,0.999998,0.0,1.0000000000000002
8.451268357810414e-06,9.999999999177334e-07,1e-06,0.999998,0.0,1.0000000000000002
8.464619492656877e-06,9.999999999177334e-07,1e-06,0.999998,0.0,1.0000000000000002
8.47797062750334e-06,9.999999999177334e-07,1e-06,0.999998,0.0,1.0000000000000002
8.4913217623498e-06,9.999999999177334e-07,1e-06,0.999998,0.0,1.0000000000000002
8.504672897196263e-06,9.999999999177334e-07,1e-06,0.999998,0.0,1.0000000000000002
8.518024032042724e-06,9.999999999177334e-07,1e-06,0.999998,0.0,1.0000000000000002
8.531375166889186e-06,9.999999999177334e-07,1e-06,0.999998,0.0,1.0000000000000002
8.544726301735649e-06,9.999999999177334e-07,1e-06,0.999998,0.0,1.0000000000000002
8.55807743658211e-06,9.999999999177334e-07,1e-06,0.999998,0.0,1.0000000000000002
8.571428571428573e-06,9.999999999177334e-07,1e-06,0.999998,0.0,1.0000000000000002
8.584779706275034e-06,9.999999999177334e-07,1e-06,0.999998,0.0,1.0000000000000002
8.598130841121496e-06,9.999999999177334e-07,1e-06,0.999998,0.0,1.0000000000000002
8.611481975967959e-06,9.999999999177334e-07,1e-06,0.999998,0.0,1.0000000000000002
8.62483311081442e-06,9.999999999177334e-07,1e-06,0.999998,0.0,1.0000000000000002
8.638184245660882e-06,9.999999999177334e-07,1e-06,0.999998,0.0,1.0000000000000002
8.651535380507345e-06,9.999999999177334e-07,1e-06,0.999998,0.0,1.0000000000000002
8.664886515353806e-06,9.999999999177334e-07,1e-06,0.999998,0.0,1.0000000000000002
8.678237650200268e-06,9.999999999177334e-07,1e-06,0.999998,0.0,1.0000000000000002
8.69158878504673e-06,9.999999999177334e-07,1e-06,0.999998,0.0,1.0000000000000002
8.704939919893192e-06,9.999999999177334e-07,1e-06,0.999998,0.0,1.0000000000000002
8.718291054739655e-06,9.999999999177334e-07,1e-06,0.999998,0.0,1.0000000000000002
8.731642189586115e-06,9.999999999177334e-07,1e-06,0.999998,0.0,1.0000000000000002
8.744993324432578e-06,9.999999999177334e-07,1e-06,0.999998,0.0,1.0000000000000002
8.758344459279039e-06,9.999999999177334e-07,1e-06,0.999998,0.0,1.0000000000000002
8.771695594125502e-06,9.999999999177334e-07,1e-06,0.999998,0.0,1.0000000000000002
8.785046728971964e-06,9.999999999177334e-07,1e-06,0.999998,0.0,1.0000000000000002
8.798397863818425e-06,9.999999999177334e-07,1e-06,0.999998,0.0,1.0000000000000002
8.811748998664888e-06,9.999999999177334e-07,1e-06,0.999998,0.0,1.0000000000000002
8.825100133511349e-06,9.999999999177334e-07,1e-06,0.999998,0.0,1.0000000000000002
8.838451268357811e-06,9.999999999177334e-07,1e-06,0.999998,0.0,1.0000000000000002
8.851802403204274e-06,9.999999999177334e-07,1e-06,0.999998,0.0,1.0000000000000002
8.865153538050735e-06,9.999999999177334e-07,1e-06,0.999998,0.0,1.0000000000000002
8.878504672897197e-06,9.999999999177334e-07,1e-06,0.999998,0.0,1.0000000000000002
8.891855807743658e-06,9.999999999177334e-07,1e-06,0.999998,0.0,1.0000000000000002
8.905206942590121e-06,9.999999999177334e-07,1e-06,0.999998,0.0,1.0000000000000002
8.918558077436584e-06,9.999999999177334e-07,1e-06,0.999998,0.0,1.0000000000000002
8.931909212283044e-06,9.999999999177334e-07,1e-06,0.999998,0.0,1.0000000000000002
8.945260347129507e-06,9.999999999177334e-07,1e-06,0.999998,0.0,1.0000000000000002
8.95861148197597e-06,9.999999999177334e-07,1e-06,0.999998,0.0,1.0000000000000002
8.97196261682243e-06,9.999999999177334e-07,1e-06,0.999998,0.0,1.0000000000000002
8.985313751668893e-06,9.999999999177334e-07,1e-06,0.999998,0.0,1.0000000000000002
8.998664886515354e-06,9.999999999177334e-07,1e-06,0.999998,0.0,1.0000000000000002
9.012016021361817e-06,9.999999999177334e-07,1e-06,0.999998,0.0,1.0000000000000002
9.02536715620828e-06,9.999999999177334e-07,1e-06,0.999998,0.0,1.0000000000000002
9.03871829105474e-06,9.999999999177334e-07,1e-06,0.999998,0.0,1.0000000000000002
9.052069425901203e-06,9.999999999177334e-07,1e-06,0.999998,0.0,1.0000000000000002
9.065420560747664e-06,9.999999999177334e-07,1e-06,0.999998,0.0,1.0000000000000002
9.078771695594126e-06,9.999999999177334e-07,1e-06,0.999998,0.0,1.0000000000000002
9.092122830440589e-06,9.999999999177334e-07,1e-06,0.999998,0.0,1.0000000000000002
9.10547396528705e-06,9.999999999177334e-07,1e-06,0.999998,0.0,1.0000000000000002
9.118825100133513e-06,9.999999999177334e-07,1e-06,0.999998,0.0,1.0000000000000002
9.132176234979973e-06,9.999999999177334e-07,1e-06,0.999998,0.0,1.0000000000000002
9.145527369826436e-06,9.999999999177334e-07,1e-06,0.999998,0.0,1.0000000000000002
9.158878504672899e-06,9.999999999177334e-07,1e-06,0.999998,0.0,1.0000000000000002
9.17222963951936e-06,9.999999999177334e-07,1e-06,0.999998,0.0,1.0000000000000002
9.185580774365822e-06,9.999999999177334e-07,1e-06,0.999998,0.0,1.0000000000000002
9.198931909212285e-06,9.999999999177334e-07,1e-06,0.999998,0.0,1.0000000000000002
9.212283044058746e-06,9.999999999177334e-07,1e-06,0.999998,0.0,1.0000000000000002
9.225634178905208e-06,9.999999999177334e-07,1e-06,0.999998,0.0,1.0000000000000002
9.23898531375167e-06,9.999999999177334e-07,1e-06,0.999998,0.0,1.0000000000000002
9.252336448598132e-06,9.999999999177334e-07,1e-06,0.999998,0.0,1.0000000000000002
9.265687583444594e-06,9.999999999177334e-07,1e-06,0.999998,0.0,1.0000000000000002
9.279038718291055e-06,9.999999999177334e-07,1e-06,0.999998,0.0,1.0000000000000002
9.292389853137518e-06,9.999999999177334e-07,1e-06,0.999998,0.0,1.0000000000000002
9.305740987983979e-06,9.999999999177334e-07,1e-06,0.999998,0.0,1.0000000000000002
9.319092122830442e-06,9.999999999177334e-07,1e-06,0.999998,0.0,1.0000000000000002
9.332443257676904e-06,9.999999999177334e-07,1e-06,0.999998,0.0,1.0000000000000002
9.345794392523365e-06,9.999999999177334e-07,1e-06,0.999998,0.0,1.0000000000000002
9.359145527369828e-06,9.999999999177334e-07,1e-06,0.999998,0.0,1.0000000000000002
9.372496662216289e-06,9.999999999177334e-07,1e-06,0.999998,0.0,1.0000000000000002
9.385847797062751e-06,9.999999999177334e-07,1e-06,0.999998,0.0,1.0000000000000002
9.399198931909214e-06,9.999999999177334e-07,1e-06,0.999998,0.0,1.0000000000000002
9.412550066755675e-06,9.999999999177334e-07,1e-06,0.999998,0.0,1.0000000000000002
9.425901201602137e-06,9.999999999177334e-07,1e-06,0.999998,0.0,1.0000000000000002
9.4392523364486e-06,9.999999999177334e-07,1e-06,0.999998,0.0,1.0000000000000002
9.452603471295061e-06,9.999999999177334e-07,1e-06,0.999998,0.0,1.0000000000000002
9.465954606141523e-06,9.999999999177334e-07,1e-06,0.999998,0.0,1.0000000000000002
9.479305740987984e-06,9.999999999177334e-07,1e-06,0.999998,0.0,1.0000000000000002
9.492656875834447e-06,9.999999999177334e-07,1e-06,0.999998,0.0,1.0000000000000002
9.50600801068091e-06,9.999999999177334e-07,1e-06,0.999998,0.0,1.0000000000000002
9.51935914552737e-06,9.999999999177334e-07,1e-06,0.999998,0.0,1.0000000000000002
9.532710280373833e-06,9.999999999177334e-07,1e-06,0.999998,0.0,1.0000000000000002
9.546061415220294e-06,9.999999999177334e-07,1e-06,0.999998,0.0,1.0000000000000002
9.559412550066757e-06,9.999999999177334e-07,1e-06,0.999998,0.0,1.0000000000000002
9.57276368491322e-06,9.999999999177334e-07,1e-06,0.999998,0.0,1.0000000000000002
9.58611481975968e-06,9.999999999177334e-07,1e-06,0.999998,0.0,1.0000000000000002
9.599465954606143e-06,9.999999999177334e-07,1e-06,0.999998,0.0,1.0000000000000002
9.612817089452604e-06,9.999999999177334e-07,1e-06,0.999998,0.0,1.0000000000000002
9.626168224299066e-06,9.999999999177334e-07,1e-06,0.999998,0.0,1.0000000000000002
9.639519359145529e-06,9.999999999177334e-07,1e-06,0.999998,0.0,1.0000000000000002
9.65287049399199e-06,9.999999999177334e-07,1e-06,0.999998,0.0,1.0000000000000002
9.666221628838452e-06,9.999999999177334e-07,1e-06,0.999998,0.0,1.0000000000000002
9.679572763684915e-06,9.999999999177334e-07,1e-06,0.999998,0.0,1.0000000000000002
9.692923898531376e-06,9.999999999177334e-07,1e-06,0.999998,0.0,1.0000000000000002
9.706275033377839e-06,9.999999999177334e-07,1e-06,0.999998,0.0,1.0000000000000002
9.7196261682243e-06,9.999999999177334e-07,1e-06,0.999998,0.0,1.0000000000000002
9.732977303070762e-06,9.999999999177334e-07,1e-06,0.999998,0.0,1.0000000000000002
9.746328437917225e-06,9.999999999177334e-07,1e-06,0.999998,0.0,1.0000000000000002
9.759679572763686e-06,9.999999999177334e-07,1e-06,0.999998,0.0,1.0000000000000002
9.773030707610148e-06,9.999999999177334e-07,1e-06,0.999998,0.0,1.0000000000000002
9.78638184245661e-06,9.999999999177334e-07,1e-06,0.999998,0.0,1.0000000000000002
9.799732977303072e-06,9.999999999177334e-07,1e-06,0.999998,0.0,1.0000000000000002
9.813084112149534e-06,9.999999999177334e-07,1e-06,0.999998,0.0,1.0000000000000002
9.826435246995995e-06,9.999999999177334e-07,1e-06,0.999998,0.0,1.0000000000000002
9.839786381842458e-06,9.999999999177334e-07,1e-06,0.999998,0.0,1.0000000000000002
9.853137516688919e-06,9.999999999177334e-07,1e-06,0.999998,0.0,1.0000000000000002
9.866488651535381e-06,9.999999999177334e-07,1e-06,0.999998,0.0,1.0000000000000002
9.879839786381844e-06,9.999999999177334e-07,1e-06,0.999998,0.0,1.0000000000000002
9.893190921228305e-06,9.999999999177334e-07,1e-06,0.999998,0.0,1.0000000000000002
9.906542056074768e-06,9.999999999177334e-07,1e-06,0.999998,0.0,1.0000000000000002
9.919893190921229e-06,9.999999999177334e-07,1e-06,0.999998,0.0,1.0000000000000002
9.933244325767691e-06,9.999999999177334e-07,1e-06,0.999998,0.0,1.0000000000000002
9.946595460614154e-06,9.999999999177334e-07,1e-06,0.999998,0.0,1.0000000000000002
9.959946595460615e-06,9.999999999177334e-07,1e-06,0.999998,0.0,1.0000000000000002
9.973297730307077e-06,9.999999999177334e-07,1e-06,0.999998,0.0,1.0000000000000002
9.98664886515354e-06,9.999999999177334e-07,1e-06,0.999998,0.0,1.0000000000000002
1e-05,9.999999999177334e-07,1e-06,0.999998,0.0,1.0000000000000002
