T(min),N(needle),T(min),N(sphere),,T(min),R(needle),T(min),R(sphere),,T(s),C(needle),T(s),C(sphere),,L(nm),PSD,L(nm),ARD
0.01115671,13911336836,0.008252419,13563985894,,0.01115671,0.301390976,0.008252419,0.267899985,,0.669402589,1.9,0.495145139,0.019,,13.58304724,624.0126048,13.58304724,4.82223505
0.01283283,1.45688E+12,0.009333405,7.89137E+11,,0.01283283,0.301413477,0.009333405,0.267937413,,0.769969778,1.9,0.560004288,0.019,,13.53091504,37151.76767,13.53091504,4.8100829
0.013227573,4.06959E+12,0.009620858,2.23685E+12,,0.013227573,0.30159425,0.009620858,0.268117091,,0.793654385,1.9,0.577251484,0.019,,13.46064504,8213823.993,13.46064504,4.793657308
0.013695587,1.27921E+13,0.009955978,7.02296E+12,,0.013695587,0.301661734,0.009955978,0.268186746,,0.821735234,1.9,0.597358659,0.019,,13.37127739,2033484608,13.37127739,4.77269168
0.014195066,4.00785E+13,0.010313451,2.20017E+13,,0.014195066,0.301700798,0.010313451,0.26822325,,0.851703972,1.9,0.618807056,0.019,,13.27584493,3.14027E+11,13.27584493,4.750208522
0.014731078,1.25583E+14,0.010696658,6.8942E+13,,0.014731078,0.3017288,0.010696658,0.268257648,,0.883864688,1.9,0.641799496,0.019,,13.17446369,3.78032E+13,13.17446369,4.726215666
0.015307617,3.93425E+14,0.011108375,2.16008E+14,,0.015307617,0.301761448,0.011108375,0.268285651,,0.918456999,1.9,0.666502471,0.019,,13.06607684,3.01474E+15,13.06607684,4.700440271
0.015929342,1.23225E+15,0.011551824,6.76636E+14,,0.015929342,0.301790707,0.011551824,0.268316016,,0.955760512,1.9,0.693109462,0.019,,12.95038714,1.91407E+17,12.95038714,4.672784538
0.01660164,3.85834E+15,0.012030727,2.1189E+15,,0.01660164,0.301833338,0.012030727,0.268359208,,0.996098389,1.9,0.721843604,0.019,,12.82532784,8.5424E+18,12.82532784,4.642720131
0.01733077,1.20781E+16,0.012549393,6.63388E+15,,0.01733077,0.301870448,0.012549393,0.268397264,,1.039846212,1.9,0.752963603,0.019,,12.69043468,3.09202E+20,12.69043468,4.610092409
0.018124048,3.77951E+16,0.01311285,2.07621E+16,,0.018124048,0.301926662,0.01311285,0.268450414,,1.087442872,1.9,0.786770999,0.019,,12.54146706,8.36566E+21,12.54146706,4.573816659
0.018990071,1.18239E+17,0.013726988,6.49622E+16,,0.018990071,0.301975464,0.013726988,0.268499521,,1.139404254,1.9,0.823619257,0.019,,12.3786873,1.85718E+23,12.3786873,4.533880344
0.01993901,3.69768E+17,0.014398754,2.03188E+17,,0.01993901,0.302031666,0.014398754,0.268555586,,1.196340577,1.899999999,0.863925235,0.019,,12.23383114,1.66059E+24,12.23383114,4.498076235
0.020982976,1.1559E+18,0.015136397,6.35291E+17,,0.020982976,0.302106114,0.015136397,0.268620927,,1.258978564,1.899999998,0.908183796,0.019,,12.10257033,1.03583E+25,12.10257033,4.465413429
0.022136501,3.61218E+18,0.015949776,1.9856E+18,,0.022136501,0.302179437,0.015949776,0.268692188,,1.32819007,1.899999993,0.956986574,0.019,,11.95884476,5.91761E+25,11.95884476,4.42940639
0.023417157,1.12835E+19,0.016850772,6.20352E+18,,0.023417157,0.302255561,0.016850772,0.268773805,,1.405029423,1.899999978,1.011046348,0.019,,11.79990283,3.10615E+26,11.79990283,4.389287392
0.024846379,3.52305E+19,0.017853817,1.93742E+19,,0.024846379,0.302348943,0.017853817,0.268850899,,1.490782716,1.89999993,1.071229032,0.019,,11.62209608,1.50204E+27,11.62209608,4.344026844
0.026450561,1.09952E+20,0.018934704,5.80952E+19,,0.026450561,0.302457338,0.018934704,0.268969492,,1.587033656,1.899999782,1.13608221,0.018999999,,11.42036537,6.70373E+27,11.42036537,4.292181057
0.028126266,3.16417E+20,0.020015573,1.5559E+20,,0.028126266,0.302585425,0.020015573,0.269135556,,1.687575942,1.899999372,1.200934369,0.018999998,,11.18744269,2.76488E+28,11.18744269,4.231648601
0.029801836,8.13268E+20,0.021096353,3.78587E+20,,0.029801836,0.302781862,0.021096353,0.269305574,,1.788110175,1.899998383,1.265781165,0.018999995,,10.98083916,7.32151E+28,10.98083916,4.17734026
0.031476786,1.9001E+21,0.02217693,8.48302E+20,,0.031476786,0.303002301,0.02217693,0.269510394,,1.888607181,1.899996213,1.330615818,0.018999988,,10.8298631,1.38534E+29,10.8298631,4.137279939
0.033151537,4.0941E+21,0.023257438,1.77063E+21,,0.033151537,0.303226898,0.023257438,0.269730013,,1.989092197,1.899991822,1.395446309,0.018999975,,10.66609769,2.62136E+29,10.66609769,4.09346144
0.034825114,8.22436E+21,0.024337531,3.47395E+21,,0.034825114,0.303484785,0.024337531,0.269964088,,2.089506838,1.89998353,1.460251843,0.018999951,,10.47950678,4.72729E+29,10.47950678,4.043064058
0.03649797,1.55543E+22,0.025417484,6.45772E+21,,0.03649797,0.303755346,0.025417484,0.270206906,,2.189878223,1.899968767,1.525049052,0.018999909,,10.26904613,8.49707E+29,10.26904613,3.985603568
0.038169238,2.7901E+22,0.026496785,1.14433E+22,,0.038169238,0.304047087,0.026496785,0.270469168,,2.290154276,1.899943813,1.589807111,0.018999839,,10.08687587,1.29276E+30,10.08687587,3.935327604
0.039839157,4.77848E+22,0.027575779,1.94425E+22,,0.039839157,0.304357957,0.027575779,0.270736253,,2.3903494,1.899903476,1.654546751,0.018999726,,9.958120214,1.69109E+30,9.958120214,3.899484999
0.04150689,7.85531E+22,0.028653878,3.18077E+22,,0.04150689,0.304673643,0.028653878,0.271024279,,2.490413373,1.899840831,1.719232682,0.01899955,,9.816727103,2.21161E+30,9.816727103,3.859825019
0.043172626,1.24523E+23,0.029731397,5.03232E+22,,0.043172626,0.305004155,0.029731397,0.271313902,,2.590357543,1.89974686,1.783883825,0.018999286,,9.660835356,2.86965E+30,9.660835356,3.815728731
0.044835398,1.91041E+23,0.030807805,7.72325E+22,,0.044835398,0.305361308,0.030807805,0.271620405,,2.69012389,1.899610269,1.848468289,0.0189989,,9.491724196,3.69044E+30,9.491724196,3.767446574
0.046495606,2.84708E+23,0.031883253,1.15347E+23,,0.046495606,0.305721297,0.031883253,0.271932228,,2.789736336,1.899417121,1.91299516,0.018998351,,9.307272082,4.67517E+30,9.307272082,3.714243529
0.048151929,4.13201E+23,0.032957338,1.68051E+23,,0.048151929,0.306094073,0.032957338,0.272254484,,2.889115737,1.89915095,1.977440282,0.018997589,,9.154840664,5.55741E+30,9.154840664,3.669841614
0.049804768,5.85557E+23,0.034030063,2.39385E+23,,0.049804768,0.306480198,0.034030063,0.272587738,,2.988286106,1.898792209,2.04180378,0.018996553,,9.039048883,6.25472E+30,9.039048883,3.635844554
0.051453236,8.11902E+23,0.035101305,3.34069E+23,,0.051453236,0.306881392,0.035101305,0.272932185,,3.087194187,1.898318716,2.106078279,0.018995171,,8.920448326,6.96396E+30,8.920448326,3.600779131
0.053097269,1.10356E+24,0.036170868,4.57573E+23,,0.053097269,0.307301495,0.036170868,0.273269597,,3.185836165,1.897705285,2.170252062,0.018993362,,8.798735814,7.72791E+30,8.798735814,3.564533413
0.054736652,1.47295E+24,0.03723852,6.1589E+23,,0.054736652,0.307734957,0.03723852,0.273634448,,3.284199093,1.896924077,2.234311194,0.018991029,,8.6648103,8.57604E+30,8.6648103,3.524341324
0.056371249,1.93357E+24,0.038304167,8.1589E+23,,0.056371249,0.308167527,0.038304167,0.274013424,,3.382274926,1.89594492,2.298250009,0.018988066,,8.517255421,9.49891E+30,8.517255421,3.479256998
0.05800061,2.49879E+24,0.039367761,1.06515E+24,,0.05800061,0.308636842,0.039367761,0.274399086,,3.480036573,1.894735237,2.362065662,0.018984354,,8.364374455,1.04057E+31,8.364374455,3.431828878
0.059624734,3.18304E+24,0.040429049,1.37174E+24,,0.059624734,0.309137641,0.040429049,0.274797671,,3.577484063,1.893260377,2.42574297,0.018979762,,8.205473886,1.13249E+31,8.205473886,3.381883092
0.061243762,4.00144E+24,0.041487895,1.74436E+24,,0.061243762,0.30965264,0.041487895,0.275209829,,3.674625748,1.891484346,2.48927372,0.018974148,,8.072845757,1.20396E+31,8.072845757,3.339673557
0.062825496,4.94731E+24,0.042544373,2.19231E+24,,0.062825496,0.310186403,0.042544373,0.275636281,,3.769529743,1.889415736,2.552662398,0.018967357,,7.969174675,1.25709E+31,7.969174675,3.30634081
0.065351707,6.7918E+24,0.04359816,2.72522E+24,,0.065351707,0.311164075,0.04359816,0.276075497,,3.921102435,1.88532875,2.615889598,0.018959226,,7.863679984,1.30709E+31,7.863679984,3.272109677
0.06738134,8.60321E+24,0.044649311,3.35296E+24,,0.06738134,0.312034804,0.044649311,0.276533377,,4.042880422,1.881255556,2.678958642,0.018949582,,7.756194315,1.35323E+31,7.756194315,3.236902047
0.069106318,1.03941E+25,0.045697792,4.08573E+24,,0.069106318,0.312824084,0.045697792,0.277008659,,4.146379065,1.877176667,2.741867491,0.018938242,,7.643729416,1.39289E+31,7.643729416,3.199698644
0.071321167,1.30541E+25,0.047786505,5.90796E+24,,0.071321167,0.313898599,0.047786505,0.278004291,,4.279270049,1.871030494,2.867190324,0.018909719,,7.525864859,1.43336E+31,7.525864859,3.160299605
0.073233077,1.56913E+25,0.049864325,8.27335E+24,,0.073233077,0.314877858,0.049864325,0.279069585,,4.393984624,1.864840245,2.991859491,0.018872091,,7.404997066,1.46964E+31,7.404997066,3.11945109
0.075464638,1.91794E+25,0.051696092,1.08824E+25,,0.075464638,0.31608819,0.051696092,0.280112128,,4.527878274,1.856508641,3.101765515,0.018829827,,7.280811734,1.5016E+31,7.280811734,3.076999704
0.07744177,2.26409E+25,0.053213565,1.34567E+25,,0.07744177,0.317223122,0.053213565,0.281038354,,4.646506187,1.848082465,3.192813898,0.018787435,,7.137774599,1.52926E+31,7.137774599,3.027482626
0.07966138,2.69413E+25,0.054526859,1.60052E+25,,0.07966138,0.318540806,0.054526859,0.281903283,,4.779682787,1.837414889,3.271611558,0.018744784,,7.01421113,1.54801E+31,7.01421113,2.984156604
0.081678097,3.12057E+25,0.056237043,1.97951E+25,,0.081678097,0.319817322,0.056237043,0.28310444,,4.900685812,1.82659372,3.37422259,0.018680202,,6.931244973,1.55724E+31,6.931244973,2.954772064
0.083903465,3.62807E+25,0.057729878,2.35563E+25,,0.083903465,0.321308541,0.057729878,0.284211156,,5.034207916,1.813399263,3.463792672,0.018614838,,6.845071534,1.56287E+31,6.845071534,2.92399666
0.085971533,4.13141E+25,0.059486958,2.85372E+25,,0.085971533,0.322762562,0.059486958,0.285580449,,5.158291971,1.799973119,3.569217484,0.01852642,,6.755512361,1.56583E+31,6.755512361,2.891731616
0.088237678,4.71184E+25,0.061053868,3.34845E+25,,0.088237678,0.324448803,0.061053868,0.28686843,,5.294260703,1.784030824,3.663232078,0.018436529,,6.664639453,1.56395E+31,6.664639453,2.85869531
0.090386967,5.28836E+25,0.062482121,3.84016E+25,,0.090386967,0.326099934,0.062482121,0.288099473,,5.423218028,1.767737066,3.748927268,0.018345145,,6.572342706,1.55847E+31,6.572342706,2.824827884
0.09273992,5.94078E+25,0.064121992,4.4516E+25,,0.09273992,0.327979681,0.064121992,0.289565192,,5.564395182,1.748692821,3.847319511,0.01822881,,6.475166616,1.54668E+31,6.475166616,2.788821371
0.095015228,6.58579E+25,0.065639528,5.05888E+25,,0.095015228,0.329873404,0.065639528,0.290988245,,5.700913704,1.729177629,3.938371667,0.018110123,,6.37279099,1.53481E+31,6.37279099,2.750492796
0.097239213,7.22279E+25,0.067339207,5.78198E+25,,0.097239213,0.331797737,0.067339207,0.292668485,,5.834352804,1.709168934,4.040352398,0.017964497,,6.268213824,1.52098E+31,6.268213824,2.71091115
0.099706268,7.9297E+25,0.068938622,6.49959E+25,,0.099706268,0.33401159,0.068938622,0.294322582,,5.98237609,1.686026373,4.136317334,0.017815301,,6.161239366,1.5044E+31,6.161239366,2.669962701
0.102160672,8.62311E+25,0.07071005,7.33029E+25,,0.102160672,0.336305085,0.07071005,0.296231176,,6.1296403,1.662211532,4.242602989,0.017636581,,6.048721617,1.48364E+31,6.048721617,2.626378057
0.104625829,9.30922E+25,0.072406147,8.15332E+25,,0.104625829,0.338647674,0.072406147,0.298141561,,6.277549717,1.637572876,4.344368846,0.017452639,,5.930167299,1.45989E+31,5.930167299,2.579869094
0.107123834,9.9835E+25,0.074278971,9.08213E+25,,0.107123834,0.341087917,0.074278971,0.300351302,,6.427430055,1.612078598,4.456738248,0.017235971,,5.808071504,1.4323E+31,5.808071504,2.531324141
0.109676815,1.06438E+26,0.076105122,1.00027E+26,,0.109676815,0.343645751,0.076105122,0.30258326,,6.580608897,1.585673953,4.566307313,0.017011455,,5.682053335,1.40136E+31,5.682053335,2.480510589
0.112308203,1.12942E+26,0.077904486,1.09123E+26,,0.112308203,0.346313453,0.077904486,0.304866145,,6.738492171,1.558184201,4.674269161,0.016778738,,5.572119773,1.3718E+31,5.572119773,2.435576769
0.115044952,1.1928E+26,0.079917989,1.19237E+26,,0.115044952,0.349145462,0.079917989,0.307499051,,6.902697115,1.52956049,4.795079347,0.016506284,,5.479539263,1.34606E+31,5.479539263,2.397285516
0.117917341,1.25518E+26,0.081941344,1.29161E+26,,0.117917341,0.352125021,0.081941344,0.310260144,,7.075040464,1.499543259,4.916480628,0.01622166,,5.385158796,1.31745E+31,5.385158796,2.365655353
0.120939675,1.3151E+26,0.083996503,1.3895E+26,,0.120939675,0.355309009,0.083996503,0.313138835,,7.256380475,1.468293022,5.039790168,0.015922899,,5.288705123,1.28724E+31,5.288705123,2.333113781
0.123914616,1.36938E+26,0.086070885,1.48366E+26,,0.123914616,0.358420096,0.086070885,0.316142843,,7.434876947,1.437888724,5.164253119,0.015614093,,5.187663048,1.25491E+31,5.187663048,2.296267186
0.126812487,1.41699E+26,0.088245919,1.57743E+26,,0.126812487,0.361467551,0.088245919,0.319343013,,7.608749227,1.408843505,5.294755143,0.015284068,,5.081688221,1.22127E+31,5.081688221,2.254429032
0.12996686,1.46344E+26,0.090499396,1.66737E+26,,0.12996686,0.364775227,0.090499396,0.322754185,,7.798011577,1.377926435,5.429963775,0.014938594,,4.972842132,1.18662E+31,4.972842132,2.207862078
0.133074213,1.50416E+26,0.092642232,1.74672E+26,,0.133074213,0.368000961,0.092642232,0.326027461,,7.984452783,1.348261399,5.558533938,0.014607962,,4.888548648,1.15996E+31,4.888548648,2.155937039
0.136459853,1.54317E+26,0.094884425,1.82222E+26,,0.136459853,0.371475978,0.094884425,0.329505,,8.187591177,1.316907689,5.693065478,0.014262551,,4.832289811,1.14218E+31,4.832289811,2.155937039
0.139831009,1.57696E+26,0.097228948,1.89318E+26,,0.139831009,0.374880392,0.097228948,0.333171951,,8.389860538,1.286740493,5.833736887,0.013903682,,4.772003141,1.12311E+31,4.772003141,2.111638463
0.143205303,1.606E+26,0.099508662,1.95496E+26,,0.143205303,0.378239881,0.099508662,0.33673592,,8.592318191,1.257634512,5.970519716,0.013558269,,4.70760259,1.10316E+31,4.70760259,2.077756626
0.146597996,1.63115E+26,0.101912279,2.01184E+26,,0.146597996,0.381541072,0.101912279,0.340512264,,8.795879747,1.229465682,6.114736716,0.013200165,,4.64268316,1.08341E+31,4.64268316,2.042020927
0.150023232,1.65374E+26,0.104448589,2.06385E+26,,0.150023232,0.384745032,0.104448589,0.344471194,,9.001393891,1.202026266,6.266915313,0.012830152,,4.577223581,1.06394E+31,4.577223581,2.004320688
0.153812825,1.67346E+26,0.108967936,2.13785E+26,,0.153812825,0.388272668,0.108967936,0.351437457,,9.228769526,1.173131978,6.538076134,0.012194266,,4.509940034,1.04439E+31,4.509940034,1.96375807
0.157674991,1.69031E+26,0.111646931,2.17225E+26,,0.157674991,0.391739579,0.111646931,0.355467961,,9.46049948,1.144998068,6.698815889,0.011832777,,4.440791925,1.02494E+31,4.440791925,1.920081168
0.161626353,1.7051E+26,0.11434574,2.20031E+26,,0.161626353,0.395123971,0.11434574,0.359458219,,9.697581203,1.11750319,6.860744409,0.011481467,,4.371071817,1.00604E+31,4.371071817,1.87391594
0.165685783,1.71702E+26,0.117078547,2.22387E+26,,0.165685783,0.398492338,0.117078547,0.363371262,,9.941146991,1.090729898,7.024712806,0.011138446,,4.300766515,9.87291E+30,4.300766515,1.825108171
0.169872474,1.72643E+26,0.11985938,2.24291E+26,,0.169872474,0.401850833,0.11985938,0.367244526,,10.19234847,1.064562344,7.191562793,0.010803061,,4.226808469,9.68031E+30,4.226808469,1.771211902
0.173840148,1.73307E+26,0.122702248,2.25754E+26,,0.173840148,0.404921594,0.122702248,0.371101659,,10.43040888,1.041075306,7.362134857,0.010474959,,4.149123708,9.49085E+30,4.149123708,1.711648766
0.179098006,1.73982E+26,0.125622002,2.26966E+26,,0.179098006,0.408775369,0.125622002,0.374886189,,10.74588039,1.011716035,7.537320144,0.010152154,,4.070757842,9.31309E+30,4.070757842,1.648347306
0.183418054,1.74462E+26,0.128634578,2.27807E+26,,0.183418054,0.41172341,0.128634578,0.378673334,,11.00508325,0.988935961,7.718074705,0.009835286,,3.991745079,9.14436E+30,3.991745079,1.581082545
0.187931847,1.74672E+26,0.131757351,2.28511E+26,,0.187931847,0.414747405,0.131757351,0.382378214,,11.27591079,0.966683812,7.905441079,0.009522036,,3.910590507,8.98478E+30,3.910590507,1.50820241
0.192665427,1.74924E+26,0.135010526,2.29023E+26,,0.192665427,0.417668181,0.135010526,0.38604162,,11.55992563,0.944528068,8.100631554,0.009212554,,3.827359879,8.83929E+30,3.827359879,1.429238593
0.197186129,1.74846E+26,0.138199053,2.29264E+26,,0.197186129,0.420452974,0.138199053,0.389481885,,11.83116776,0.924895071,8.291943184,0.008926046,,3.743765456,8.71466E+30,3.743765456,1.34537047
0.201943278,1.74765E+26,0.14154469,2.29461E+26,,0.201943278,0.423187173,0.14154469,0.392850941,,12.11659668,0.905375325,8.492681392,0.008641354,,3.659983462,8.6127E+30,3.659983462,1.256440562
0.206968129,1.74648E+26,0.145074107,2.29439E+26,,0.206968129,0.425895043,0.145074107,0.39624319,,12.41808773,0.886002594,8.704446443,0.008359523,,3.594027686,8.54965E+30,3.594027686,1.182790791
0.212302181,1.74345E+26,0.148561773,2.29396E+26,,0.212302181,0.428679515,0.148561773,0.399353169,,12.73813088,0.866952828,8.913706387,0.008097495,,3.545650782,8.51945E+30,3.545650782,1.12662201
0.217404152,1.74209E+26,0.152269115,2.29211E+26,,0.217404152,0.431061343,0.152269115,0.402474202,,13.04424912,0.849698187,9.136146914,0.007837292,,3.497774731,8.5063E+30,3.497774731,1.069163368
0.222833845,1.73713E+26,0.155942011,2.29064E+26,,0.222833845,0.433652083,0.155942011,0.40531075,,13.37003072,0.832956678,9.356520682,0.007595971,,3.450450847,8.46606E+30,3.450450847,1.010461483
0.228640137,1.73279E+26,0.15987723,2.28696E+26,,0.228640137,0.436177386,0.15987723,0.40821711,,13.71840823,0.816178351,9.592633812,0.007356727,,3.40240539,8.28617E+30,3.40240539,1
0.234163219,1.72575E+26,0.163782917,2.28433E+26,,0.234163219,0.438621281,0.163782917,0.410826247,,14.04979315,0.801705865,9.826975015,0.007135437,,3.352846732,8.05983E+30,3.352846732,1
0.240073686,1.71994E+26,0.167636319,2.28106E+26,,0.240073686,0.440965482,0.167636319,0.413236051,,14.40442116,0.787122559,10.05817916,0.006933386,,3.302513453,7.79996E+30,3.302513453,1
0.246429804,1.71317E+26,0.171798833,2.27518E+26,,0.246429804,0.443365973,0.171798833,0.41575748,,14.78578822,0.772672593,10.30792998,0.006733553,,3.251291235,7.56845E+30,3.251291235,1
0.252408098,1.7055E+26,0.17589859,2.27086E+26,,0.252408098,0.445581512,0.17589859,0.417978791,,15.14448586,0.76027476,10.5539154,0.006551061,,3.197161844,7.32939E+30,3.197161844,1
0.258829965,1.69685E+26,0.180357612,2.26634E+26,,0.258829965,0.44786514,0.180357612,0.42019376,,15.52979791,0.748014874,10.82145672,0.006368786,,3.139959614,7.06884E+30,3.139959614,1
0.265760923,1.68489E+26,0.184735908,2.26118E+26,,0.265760923,0.450389804,0.184735908,0.422232912,,15.94565537,0.736195348,11.08415449,0.00620562,,3.081410771,6.79197E+30,3.081410771,1
0.272135861,1.67503E+26,0.18952724,2.25226E+26,,0.272135861,0.45252906,0.18952724,0.424463767,,16.32815168,0.726027111,11.37163442,0.006045752,,3.021293371,6.53363E+30,3.021293371,1
0.278976679,1.6642E+26,0.19420041,2.24594E+26,,0.278976679,0.454746759,0.19420041,0.426354464,,16.73860074,0.715986656,11.65202459,0.005902228,,2.958376711,6.2685E+30,2.958376711,1
0.28634946,1.65242E+26,0.199341761,2.23872E+26,,0.28634946,0.457047032,0.199341761,0.428288021,,17.1809676,0.706058386,11.96050568,0.005759513,,2.908819057,6.05307E+30,2.908819057,1
0.294276701,1.63948E+26,0.20429825,2.22897E+26,,0.294276701,0.459446968,0.20429825,0.430167333,,17.65660208,0.696288309,12.25789498,0.005637693,,2.875367875,5.911E+30,2.875367875,1
0.301375078,1.62602E+26,0.209768292,2.21871E+26,,0.301375078,0.461670938,0.209768292,0.432075786,,18.08250467,0.68848829,12.5860975,0.0055163,,2.841193361,5.76858E+30,2.841193361,1
0.308937723,1.61165E+26,0.214944248,2.207E+26,,0.308937723,0.463985588,0.214944248,0.433878937,,18.5362634,0.680788834,12.89665485,0.005414782,,2.806272876,5.62115E+30,2.806272876,1
0.316993464,1.59559E+26,0.220643176,2.19401E+26,,0.316993464,0.466460305,0.220643176,0.435760479,,19.01960786,0.673299302,13.23859056,0.005314535,,2.770753684,5.46557E+30,2.770753684,1
0.325521471,1.5792E+26,0.225849675,2.18458E+26,,0.325521471,0.46898452,0.225849675,0.437250752,,19.53128828,0.665867964,13.5509805,0.005229952,,2.734649308,5.32185E+30,2.734649308,1
0.334658434,1.561E+26,0.231562873,2.17207E+26,,0.334658434,0.47169692,0.231562873,0.438926568,,20.07950603,0.658609552,13.89377239,0.00514803,,2.695636593,5.18063E+30,2.695636593,1
0.344272119,1.53691E+26,0.237852981,2.1555E+26,,0.344272119,0.474955148,0.237852981,0.440852841,,20.65632711,0.652142492,14.27117883,0.005069635,,2.653523044,5.02021E+30,2.653523044,1
0.352338261,1.51944E+26,0.244798837,2.14076E+26,,0.352338261,0.47744421,0.244798837,0.442681853,,21.14029567,0.646726215,14.68793025,0.004989774,,2.610301667,4.85162E+30,2.610301667,1
0.360724237,1.50379E+26,0.250883998,2.12256E+26,,0.360724237,0.479800048,0.250883998,0.444546078,,21.64345424,0.641060505,15.05303985,0.004931481,,2.565873183,4.68645E+30,2.565873183,1
0.369441512,1.48791E+26,0.257485639,2.1028E+26,,0.369441512,0.482204138,0.257485639,0.446525626,,22.16649072,0.635424292,15.44913836,0.004874565,,2.519968699,4.51976E+30,2.519968699,1
0.378516241,1.46774E+26,0.264643514,2.08531E+26,,0.378516241,0.485046194,0.264643514,0.448382549,,22.71097448,0.630314368,15.87861085,0.004815732,,2.472455635,4.3434E+30,2.472455635,1
0.38792841,1.44586E+26,0.272405868,2.06282E+26,,0.38792841,0.488103576,0.272405868,0.450579583,,23.27570462,0.625391915,16.34435206,0.004761099,,2.423368715,4.15366E+30,2.423368715,1
0.397583885,1.42545E+26,0.280780601,2.03834E+26,,0.397583885,0.491068697,0.280780601,0.452935753,,23.85503308,0.620294864,16.84683607,0.004708158,,2.372626723,3.97718E+30,2.372626723,1
0.407568704,1.40341E+26,0.287419664,2.01557E+26,,0.407568704,0.494253613,0.287419664,0.455017793,,24.45412225,0.615370826,17.24517982,0.00467248,,2.332846911,3.85294E+30,2.332846911,1
0.417821773,1.38047E+26,0.294386571,1.9958E+26,,0.417821773,0.497593298,0.294386571,0.456924538,,25.06930635,0.610556158,17.66319425,0.004634229,,2.304591381,3.76295E+30,2.304591381,1
0.428326326,1.36102E+26,0.301675383,1.97016E+26,,0.428326326,0.500625947,0.301675383,0.459261002,,25.69957959,0.605276629,18.100523,0.004600937,,2.276119303,3.67072E+30,2.276119303,1
0.439194142,1.33659E+26,0.309195978,1.94922E+26,,0.439194142,0.504262172,0.309195978,0.461299172,,26.35164849,0.600604093,18.55175866,0.004564019,,2.24744034,3.57891E+30,2.24744034,1
0.450202038,1.31648E+26,0.316853029,1.92673E+26,,0.450202038,0.507486384,0.316853029,0.463466237,,27.01212229,0.595406856,19.01118175,0.004529267,,2.217808024,3.48519E+30,2.217808024,1
0.461516215,1.29371E+26,0.324478414,1.90308E+26,,0.461516215,0.511076792,0.324478414,0.465727406,,27.69097289,0.590545126,19.46870486,0.004497507,,2.187169607,3.38896E+30,2.187169607,1
0.473071094,1.27032E+26,0.332112499,1.87619E+26,,0.473071094,0.514815413,0.332112499,0.46825127,,28.38426566,0.585788167,19.92674991,0.004469974,,2.156222517,3.29288E+30,2.156222517,1
0.484912112,1.25055E+26,0.347418331,1.8287E+26,,0.484912112,0.518198464,0.347418331,0.472916356,,29.09472675,0.58052605,20.84509986,0.00441232,,2.124970788,3.19633E+30,2.124970788,1
0.496935169,1.22618E+26,0.357957241,1.79986E+26,,0.496935169,0.522212861,0.357957241,0.475886893,,29.81611012,0.575945892,21.47743445,0.004371303,,2.092043224,3.09527E+30,2.092043224,1
0.509291682,1.2053E+26,0.368695974,1.76991E+26,,0.509291682,0.525874467,0.368695974,0.479002843,,30.55750094,0.570897609,22.12175842,0.00433164,,2.057329389,2.99388E+30,2.057329389,1
0.521652049,1.18516E+26,0.379553869,1.73551E+26,,0.521652049,0.529489698,0.379553869,0.482547884,,31.29912292,0.565938325,22.77323216,0.004296701,,2.022079216,2.89457E+30,2.022079216,1
0.534437104,1.16508E+26,0.39053411,1.70556E+26,,0.534437104,0.533177329,0.39053411,0.485790362,,32.06622627,0.560928037,23.43204662,0.004258518,,1.986280579,2.79841E+30,1.986280579,1
0.547240956,1.14498E+26,0.401743029,1.67421E+26,,0.547240956,0.536919593,0.401743029,0.489226348,,32.83445738,0.556113952,24.10458174,0.004221803,,1.949145831,2.70315E+30,1.949145831,1
0.570599674,1.10814E+26,0.413085663,1.64373E+26,,0.570599674,0.543910239,0.413085663,0.492654448,,34.23598043,0.547881679,24.7851398,0.004185123,,1.91050606,2.60151E+30,1.91050606,1
0.584408168,1.08742E+26,0.424766141,1.61666E+26,,0.584408168,0.547971737,0.424766141,0.495846816,,35.06449008,0.543213008,25.48596843,0.004145248,,1.87100835,2.49772E+30,1.87100835,1
0.598231177,1.06816E+26,0.436682327,1.58606E+26,,0.598231177,0.551870958,0.436682327,0.499438157,,35.89387062,0.538586776,26.20093961,0.004108952,,1.830606479,2.39117E+30,1.830606479,1
0.612400291,1.05079E+26,0.448895789,1.56061E+26,,0.612400291,0.555546236,0.448895789,0.502606343,,36.74401748,0.533766094,26.93374732,0.00406847,,1.797896861,2.30411E+30,1.797896861,1
0.626776598,1.03195E+26,0.461517052,1.53022E+26,,0.626776598,0.559521212,0.461517052,0.506337431,,37.60659589,0.529269003,27.69102314,0.004032356,,1.773298503,2.2417E+30,1.773298503,1
0.641599795,1.01268E+26,0.474270725,1.50474E+26,,0.641599795,0.563647454,0.474270725,0.509635643,,38.49598771,0.524888378,28.45624352,0.003993421,,1.748587439,2.18192E+30,1.748587439,1
0.656587634,9.97085E+25,0.487358833,1.47878E+26,,0.656587634,0.567217159,0.487358833,0.51304658,,39.39525802,0.520165726,29.24152998,0.003955639,,1.723656618,2.12347E+30,1.723656618,1
0.67212646,9.77884E+25,0.500919764,1.45068E+26,,0.67212646,0.571489297,0.500919764,0.516763977,,40.32758758,0.515957008,30.05518582,0.003919926,,1.697984991,2.06548E+30,1.697984991,1
0.687986588,9.61905E+25,0.514518447,1.42444E+26,,0.687986588,0.575262858,0.514518447,0.520341242,,41.27919527,0.511425628,30.87110681,0.003884694,,1.671576234,2.00773E+30,1.671576234,1
0.704202245,9.44066E+25,0.528916932,1.40141E+26,,0.704202245,0.57944904,0.528916932,0.52364266,,42.2521347,0.507234068,31.73501592,0.003845549,,1.644853755,1.95033E+30,1.644853755,1
0.720906509,9.28923E+25,0.543347689,1.37506E+26,,0.720906509,0.583203307,0.543347689,0.527377027,,43.25439057,0.502768886,32.60086135,0.003811811,,1.61781591,1.89517E+30,1.61781591,1
0.738057285,9.10717E+25,0.558288306,1.35236E+26,,0.738057285,0.587624398,0.558288306,0.530754404,,44.28343708,0.49880923,33.49729834,0.0037752,,1.589288328,1.84014E+30,1.589288328,1
0.755392753,8.95785E+25,0.5736451,1.32743E+26,,0.755392753,0.591464913,0.5736451,0.534470065,,45.32356516,0.494602654,34.41870598,0.003741572,,1.559277759,1.78154E+30,1.559277759,1
0.773343283,8.79171E+25,0.589692571,1.30278E+26,,0.773343283,0.595728501,0.589692571,0.538237872,,46.40059696,0.490670383,35.38155429,0.003707806,,1.528886186,1.7217E+30,1.528886186,1
0.791617808,8.658E+25,0.605438294,1.2817E+26,,0.791617808,0.599379252,0.605438294,0.541585539,,47.49706848,0.486447833,36.32629762,0.003674524,,1.497903889,1.66184E+30,1.497903889,1
0.81029112,8.50244E+25,0.621755895,1.26073E+26,,0.81029112,0.603559672,0.621755895,0.544982176,,48.61746721,0.48264764,37.30535373,0.003641519,,1.465693742,1.6005E+30,1.465693742,1
0.829460341,8.34464E+25,0.638859496,1.23803E+26,,0.829460341,0.607874777,0.638859496,0.548690815,,49.76762046,0.478964517,38.33156974,0.003610092,,1.440478374,1.55303E+30,1.440478374,1
0.848962626,8.21283E+25,0.655790078,1.21744E+26,,0.848962626,0.611670396,0.655790078,0.55215094,,50.93775755,0.475087714,39.34740468,0.003579845,,1.423699071,1.52192E+30,1.423699071,1
0.869287547,8.07015E+25,0.673450061,1.19674E+26,,0.869287547,0.615795469,0.673450061,0.55569978,,52.15725279,0.471380471,40.40700366,0.003549852,,1.406594551,1.49048E+30,1.406594551,1
0.889762013,7.92658E+25,0.691655687,1.17615E+26,,0.889762013,0.620005157,0.691655687,0.559301593,,53.38572079,0.467892206,41.49934122,0.003520464,,1.389175049,1.4589E+30,1.389175049,1
0.910822111,7.79874E+25,0.710491709,1.15793E+26,,0.910822111,0.623907084,0.710491709,0.562617662,,54.64932668,0.464276906,42.62950254,0.003489611,,1.371701282,1.42752E+30,1.371701282,1
0.932625372,7.66606E+25,0.730160736,1.13795E+26,,0.932625372,0.62800453,0.730160736,0.566266808,,55.95752232,0.460786418,43.80964415,0.003460967,,1.354177372,1.39638E+30,1.354177372,1
0.954912417,7.5325E+25,0.749091103,1.1183E+26,,0.954912417,0.632196933,0.749091103,0.569898764,,57.29474505,0.457430934,44.94546618,0.003435779,,1.334961532,1.36217E+30,1.334961532,1
0.97758967,7.41091E+25,0.769252309,1.10107E+26,,0.97758967,0.636142293,0.769252309,0.57323107,,58.6553802,0.454052272,46.15513855,0.003407343,,1.314105307,1.32644E+30,1.314105307,1
1.000798187,7.27915E+25,0.790215261,1.08134E+26,,1.000798187,0.640432838,0.790215261,0.577041485,,60.04789122,0.450923632,47.41291564,0.003381758,,1.293145944,1.29143E+30,1.293145944,1
1.024593502,7.15916E+25,0.81096068,1.06498E+26,,1.024593502,0.644475846,0.81096068,0.580331161,,61.4756101,0.447736607,48.65764079,0.003355613,,1.272092039,1.25731E+30,1.272092039,1
1.049083982,7.04471E+25,0.832584903,1.04557E+26,,1.049083982,0.648433827,0.832584903,0.584222693,,62.94503892,0.444550901,49.95509416,0.003332166,,1.250540373,1.22338E+30,1.250540373,1
1.073951788,6.92854E+25,0.854863075,1.02822E+26,,1.073951788,0.652503984,0.854863075,0.587829118,,64.43710728,0.441524976,51.29178453,0.003307533,,1.228308683,1.18903E+30,1.228308683,1
1.099450754,6.8115E+25,0.877308918,1.01303E+26,,1.099450754,0.656672436,0.877308918,0.5910931,,65.96704525,0.438612122,52.63853511,0.00328262,,1.205813971,1.15504E+30,1.205813971,1
1.125699888,6.69496E+25,0.901238471,9.95839E+25,,1.125699888,0.660909624,0.901238471,0.594809473,,67.54199329,0.435743522,54.07430825,0.003258636,,1.183049681,1.12167E+30,1.183049681,1
1.152382982,6.58825E+25,0.925225517,9.79357E+25,,1.152382982,0.664908631,0.925225517,0.598449377,,69.14297894,0.432872322,55.51353099,0.003235742,,1.159140518,1.08746E+30,1.159140518,1
1.179998589,6.48052E+25,0.948637553,9.6473E+25,,1.179998589,0.669018201,0.948637553,0.601767386,,70.79991536,0.430053741,56.91825319,0.003213875,,1.134073977,1.05258E+30,1.134073977,1
1.208250142,6.37017E+25,0.972813494,9.49177E+25,,1.208250142,0.673289911,0.972813494,0.605335492,,72.49500849,0.427352039,58.36880963,0.003192974,,1.115014955,1.02645E+30,1.115014955,1
1.236969286,6.26993E+25,0.998628696,9.33605E+25,,1.236969286,0.677291751,0.998628696,0.608995162,,74.21815714,0.424642804,59.91772176,0.003171213,,1.102076038,1.00911E+30,1.102076038,1
1.266248156,6.16773E+25,1.024408475,9.20014E+25,,1.266248156,0.681430877,1.024408475,0.612293026,,75.97488936,0.42204421,61.46450852,0.003149358,,1.089149282,9.92027E+29,1.089149282,1
1.296276057,6.06964E+25,1.050731445,9.04356E+25,,1.296276057,0.685500704,1.050731445,0.616090899,,77.7765634,0.419458601,63.04388668,0.003130077,,1.076236181,9.75209E+29,1.076236181,1
1.327104772,5.96979E+25,1.078068295,8.90465E+25,,1.327104772,0.689708442,1.078068295,0.619584091,,79.62628634,0.41696862,64.6840977,0.003109151,,1.062811942,9.57707E+29,1.062811942,1
1.358298031,5.87676E+25,1.106206282,8.76477E+25,,1.358298031,0.693734888,1.106206282,0.623162208,,81.49788188,0.41449152,66.3723769,0.003088895,,1.048891323,9.40089E+29,1.048891323,1
1.390128891,5.78255E+25,1.133664285,8.63156E+25,,1.390128891,0.697874851,1.133664285,0.626631539,,83.40773348,0.412117038,68.01985708,0.003070156,,1.034978859,9.22739E+29,1.034978859,1
1.42286804,5.68742E+25,1.163439457,8.48736E+25,,1.42286804,0.702132026,1.163439457,0.630450791,,85.37208237,0.409792302,69.8063674,0.003050934,,1.021076783,9.05766E+29,1.021076783,1
1.456620254,5.59906E+25,1.193170209,8.36016E+25,,1.456620254,0.706204414,1.193170209,0.633921502,,87.39721522,0.407406775,71.59021257,0.003031755,,1.00688401,8.88514E+29,1.00688401,1
1.491016914,5.50532E+25,1.22381537,8.22634E+25,,1.491016914,0.710567157,1.22381537,0.637622408,,89.46101485,0.405177357,73.42892219,0.003013336,,0.992411306,8.71428E+29,0.992411306,1
1.526644686,5.41813E+25,1.254561676,8.09993E+25,,1.526644686,0.714748739,1.254561676,0.641198855,,91.59868118,0.40287375,75.27370056,0.002995346,,0.977940315,8.54565E+29,0.977940315,1
1.562451402,5.33196E+25,1.285465885,7.97832E+25,,1.562451402,0.71895363,1.285465885,0.644709054,,93.7470841,0.400675189,77.12795308,0.002978014,,0.963474063,8.38097E+29,0.963474063,1
1.599447573,5.2503E+25,1.318533028,7.84888E+25,,1.599447573,0.723045685,1.318533028,0.64851078,,95.96685438,0.398433691,79.11198167,0.002960329,,0.947690705,8.20179E+29,0.947690705,1
1.636929783,5.1603E+25,1.3526184,7.72749E+25,,1.636929783,0.727579613,1.3526184,0.652171329,,98.21578695,0.396396466,81.15710403,0.002942344,,0.930637277,8.01443E+29,0.930637277,1
1.684838066,5.06276E+25,1.387706729,7.60251E+25,,1.684838066,0.732687364,1.387706729,0.656002114,,101.0902839,0.393719934,83.26240375,0.002924936,,0.913574379,7.8293E+29,0.913574379,1
1.724367436,4.98074E+25,1.422561366,7.48327E+25,,1.724367436,0.73704599,1.422561366,0.659733448,,103.4620462,0.391678623,85.35368193,0.002908394,,0.89650809,7.64905E+29,0.89650809,1
1.764986921,4.90078E+25,1.458624356,7.36354E+25,,1.764986921,0.741393256,1.458624356,0.663555386,,105.8992152,0.389638964,87.51746135,0.002891979,,0.878955857,7.46446E+29,0.878955857,1
1.827056647,4.78425E+25,1.496144558,7.24817E+25,,1.827056647,0.747895283,1.496144558,0.667331556,,109.6233988,0.386661676,89.76867348,0.002875058,,0.860943248,7.28153E+29,0.860943248,1
1.869801299,4.70827E+25,1.533645276,7.13731E+25,,1.869801299,0.752249807,1.533645276,0.671032848,,112.188078,0.384694648,92.01871659,0.002858922,,0.842905021,7.10031E+29,0.842905021,1
1.913806602,4.63368E+25,1.571916471,7.02454E+25,,1.913806602,0.756619197,1.571916471,0.674862878,,114.8283961,0.382729517,94.31498824,0.002843317,,0.824850157,6.92497E+29,0.824850157,1
1.958508081,4.55727E+25,1.612117377,6.91436E+25,,1.958508081,0.761164947,1.612117377,0.678696794,,117.5104849,0.380860608,96.72704264,0.002827129,,0.810848951,6.78863E+29,0.810848951,1
2.015841952,4.47172E+25,1.652792888,6.80604E+25,,2.015841952,0.766429959,1.652792888,0.682540208,,120.9505171,0.378441353,99.16757328,0.00281151,,0.80076899,6.69379E+29,0.80076899,1
2.074141789,4.38317E+25,1.694150707,6.69991E+25,,2.074141789,0.771975208,1.694150707,0.68638265,,124.4485073,0.376177705,101.6490424,0.002796276,,0.790814336,6.60136E+29,0.790814336,1
2.134445465,4.29392E+25,1.73706731,6.59313E+25,,2.134445465,0.777700081,1.73706731,0.690327644,,128.0667279,0.373968411,104.2240386,0.002781042,,0.780983432,6.51223E+29,0.780983432,1
2.196369484,4.21018E+25,1.779934172,6.49154E+25,,2.196369484,0.783240897,1.779934172,0.694162162,,131.782169,0.371739475,106.7960503,0.002766348,,0.770887128,6.41777E+29,0.770887128,1
2.260312249,4.12903E+25,1.824043197,6.39029E+25,,2.260312249,0.788757685,1.824043197,0.698061777,,135.618735,0.369522062,109.4425918,0.002751725,,0.760533926,6.32526E+29,0.760533926,1
2.325864411,4.04609E+25,1.869030983,6.28831E+25,,2.325864411,0.79451645,1.869030983,0.702061459,,139.5518646,0.367404029,112.141859,0.002737631,,0.750319771,6.23541E+29,0.750319771,1
2.393646573,3.96713E+25,1.914666139,6.19414E+25,,2.393646573,0.800163799,1.914666139,0.705851417,,143.6187944,0.365269184,114.8799684,0.002723342,,0.740242795,6.14887E+29,0.740242795,1
2.462215894,3.89071E+25,1.962428325,6.09598E+25,,2.462215894,0.805767133,1.962428325,0.709870736,,147.7329536,0.363217985,117.7456995,0.002709175,,0.729764055,6.05541E+29,0.729764055,1
2.533534705,3.81457E+25,2.010525446,5.99983E+25,,2.533534705,0.811493768,2.010525446,0.713886864,,152.0120823,0.361170986,120.6315267,0.002695505,,0.718896946,5.96324E+29,0.718896946,1
2.606069714,3.74194E+25,2.059933542,5.90864E+25,,2.606069714,0.817105813,2.059933542,0.717789114,,156.3641828,0.359164014,123.5960125,0.002681634,,0.708191662,5.87381E+29,0.708191662,1
2.68085303,3.66798E+25,2.11105418,5.81382E+25,,2.68085303,0.822950172,2.11105418,0.721915983,,160.8511818,0.357217012,126.6632508,0.002668063,,0.697645793,5.78817E+29,0.697645793,1
2.757542818,3.59716E+25,2.161971641,5.72343E+25,,2.757542818,0.828702513,2.161971641,0.725935115,,165.4525691,0.355289579,129.7182985,0.002655025,,0.686860739,5.70134E+29,0.686860739,1
2.836580875,3.52632E+25,2.215282931,5.6365E+25,,2.836580875,0.834598774,2.215282931,0.729897572,,170.1948525,0.353400491,132.9169759,0.002641347,,0.675846416,5.61397E+29,0.675846416,1
2.917786383,3.45903E+25,2.268814666,5.54887E+25,,2.917786383,0.8403612,2.268814666,0.733957098,,175.067183,0.351509747,136.1288799,0.002628597,,0.664808784,5.52603E+29,0.664808784,1
3.0007542,3.39392E+25,2.324037623,5.45966E+25,,3.0007542,0.846082627,2.324037623,0.738169618,,180.045252,0.349654022,139.4422574,0.00261599,,0.653751542,5.44015E+29,0.653751542,1
3.086090843,3.32727E+25,2.380011232,5.37766E+25,,3.086090843,0.852067444,2.380011232,0.742142741,,185.1654506,0.347863007,142.8006739,0.002603163,,0.641866053,5.34765E+29,0.641866053,1
3.173298892,3.26246E+25,2.436773337,5.29426E+25,,3.173298892,0.858042808,2.436773337,0.746253111,,190.3979335,0.346101649,146.2064002,0.002590856,,0.629186089,5.25253E+29,0.629186089,1
3.263107136,3.20016E+25,2.494751725,5.21378E+25,,3.263107136,0.863946508,2.494751725,0.75030667,,195.7864281,0.344343566,149.6851035,0.002578626,,0.616469816,5.15799E+29,0.616469816,1
3.355289221,3.13898E+25,2.554759736,5.13007E+25,,3.355289221,0.869890794,2.554759736,0.754598238,,201.3173532,0.342615639,153.2855841,0.002566587,,0.603723879,5.06599E+29,0.603723879,1
3.449521173,3.07965E+25,2.615151421,5.05465E+25,,3.449521173,0.875807082,2.615151421,0.758567985,,206.9712704,0.340915061,156.9090852,0.002554392,,0.590752991,4.97227E+29,0.590752991,1
3.546952345,3.02006E+25,2.67692313,4.97449E+25,,3.546952345,0.881894336,2.67692313,0.762847418,,212.8171407,0.339232539,160.6153878,0.002542831,,0.5775727,4.88053E+29,0.5775727,1
3.646489055,2.96086E+25,2.740336846,4.90007E+25,,3.646489055,0.888090623,2.740336846,0.766923745,,218.7893433,0.337601068,164.4202107,0.002530903,,0.567682057,4.81079E+29,0.567682057,1
3.748822697,2.90427E+25,2.804395411,4.82494E+25,,3.748822697,0.89418218,2.804395411,0.771109813,,224.9293618,0.33596537,168.2637246,0.002519553,,0.560972259,4.76511E+29,0.560972259,1
3.853441313,2.84903E+25,2.870796309,4.75204E+25,,3.853441313,0.900281381,2.870796309,0.775263615,,231.2064788,0.334354214,172.2477786,0.002507961,,0.554341769,4.72062E+29,0.554341769,1
3.96066007,2.79466E+25,2.938036596,4.67579E+25,,3.96066007,0.906437341,2.938036596,0.779677332,,237.6396042,0.33277003,176.2821958,0.002497017,,0.547789649,4.67766E+29,0.547789649,1
4.065982538,2.74337E+25,3.00722919,4.60339E+25,,4.065982538,0.91238643,3.00722919,0.783971884,,243.9589523,0.331285788,180.4337514,0.002485754,,0.540900448,4.62946E+29,0.540900448,1
4.175447645,2.69146E+25,3.077670272,4.53529E+25,,4.175447645,0.918553364,3.077670272,0.788105322,,250.5268587,0.329805357,184.6602163,0.002474478,,0.533683681,4.58203E+29,0.533683681,1
4.289446693,2.64119E+25,3.166209356,4.44785E+25,,4.289446693,0.924689579,3.166209356,0.793508758,,257.3668016,0.328298535,189.9725614,0.002461342,,0.526563201,4.53638E+29,0.526563201,1
4.408756106,2.58976E+25,3.257475213,4.3647E+25,,4.408756106,0.931120166,3.257475213,0.79879348,,264.5253663,0.326784558,195.4485128,0.002447982,,0.519537724,4.49256E+29,0.519537724,1
4.530983978,2.54096E+25,3.35229885,4.28019E+25,,4.530983978,0.937394302,3.35229885,0.804294681,,271.8590387,0.325281378,201.137931,0.002434786,,0.512383781,4.44504E+29,0.512383781,1
4.653137166,2.49262E+25,3.449591328,4.19828E+25,,4.653137166,0.943747609,3.449591328,0.809768774,,279.1882299,0.323868224,206.9754797,0.002421703,,0.505106243,4.3995E+29,0.505106243,1
4.774260214,2.44704E+25,3.54888668,4.11906E+25,,4.774260214,0.949894021,3.54888668,0.815202848,,286.4556128,0.322512716,212.9332008,0.002408822,,0.49793207,4.35556E+29,0.49793207,1
4.901207925,2.40149E+25,3.67185433,4.02491E+25,,4.901207925,0.956193698,3.67185433,0.821839548,,294.0724755,0.321124592,220.3112598,0.002393607,,0.490859794,4.31332E+29,0.490859794,1
5.034039755,2.35583E+25,3.776848309,3.94605E+25,,5.034039755,0.962668586,3.776848309,0.827546976,,302.0423853,0.319726151,226.6108985,0.002381388,,0.483528244,4.26575E+29,0.483528244,1
5.168339051,2.31215E+25,3.884526768,3.87104E+25,,5.168339051,0.969023587,3.884526768,0.833129565,,310.1003431,0.318362098,233.0716061,0.002369073,,0.475946745,4.22005E+29,0.475946745,1
5.309252886,2.26832E+25,3.99579812,3.79724E+25,,5.309252886,0.975563292,3.99579812,0.838763727,,318.5551732,0.316978272,239.7478872,0.002356895,,0.468484119,4.17633E+29,0.468484119,1
5.452217695,2.22506E+25,4.109571291,3.7263E+25,,5.452217695,0.982175736,4.109571291,0.844325094,,327.1330617,0.315644514,246.5742775,0.002344763,,0.461138504,4.13462E+29,0.461138504,1
5.600110711,2.18313E+25,4.225242032,3.65401E+25,,5.600110711,0.988759849,4.225242032,0.850119312,,336.0066426,0.314292363,253.5145219,0.002333241,,0.453633357,4.08825E+29,0.453633357,1
5.744718517,2.14301E+25,4.344019649,3.58401E+25,,5.744718517,0.995205457,4.344019649,0.855882658,,344.683111,0.313045697,260.6411789,0.002321717,,0.445975816,4.04432E+29,0.445975816,1
5.892545725,2.1039E+25,4.465863141,3.51782E+25,,5.892545725,1.001650303,4.465863141,0.861485557,,353.5527435,0.31180067,267.9517885,0.002310095,,0.438447538,4.00227E+29,0.438447538,1
6.04774206,2.06441E+25,4.590452366,3.45131E+25,,6.04774206,1.008318858,4.590452366,0.867246983,,362.8645236,0.310533597,275.4271419,0.002298838,,0.43104634,3.9621E+29,0.43104634,1
6.332963946,1.99622E+25,4.718252603,3.38505E+25,,6.332963946,1.020243373,4.718252603,0.873129702,,379.9778368,0.308328271,283.0951562,0.002287801,,0.423030537,3.91258E+29,0.423030537,1
6.500195887,1.95836E+25,4.849910913,3.32016E+25,,6.500195887,1.027097684,4.849910913,0.879042559,,390.0117532,0.307091467,290.9946548,0.002276822,,0.414425545,3.86486E+29,0.414425545,1
6.671385435,1.9216E+25,4.984962148,3.25738E+25,,6.671385435,1.033926632,4.984962148,0.884916211,,400.2831261,0.305874995,299.0977289,0.00226589,,0.40599559,3.82009E+29,0.40599559,1
6.842401966,1.88618E+25,5.122853806,3.19492E+25,,6.842401966,1.040668587,5.122853806,0.890904837,,410.5441179,0.30470746,307.3712284,0.002255196,,0.397737111,3.77811E+29,0.397737111,1
7.018375478,1.85165E+25,5.264335271,3.13493E+25,,7.018375478,1.047409117,5.264335271,0.896812645,,421.1025287,0.303534454,315.8601162,0.002244521,,0.389242191,3.72893E+29,0.389242191,1
7.202210354,1.81664E+25,5.410219343,3.07486E+25,,7.202210354,1.054412561,5.410219343,0.902875465,,432.1326212,0.302357035,324.6131606,0.002233953,,0.380524698,3.68365E+29,0.380524698,1
7.394170645,1.78166E+25,5.558874695,3.01584E+25,,7.394170645,1.061591356,5.558874695,0.908984516,,443.6502387,0.301169105,333.5324817,0.00222364,,0.372002441,3.64111E+29,0.372002441,1
7.58474368,1.74883E+25,5.710383621,2.95996E+25,,7.58474368,1.068501789,5.710383621,0.914924904,,455.0846208,0.300038017,342.6230173,0.002213433,,0.36367105,3.60123E+29,0.36367105,1
7.783754636,1.71554E+25,5.86561258,2.90452E+25,,7.783754636,1.075684769,5.86561258,0.920965173,,467.0252781,0.298894613,351.9367548,0.00220338,,0.35721165,3.56266E+29,0.35721165,1
7.985797431,1.68353E+25,6.02613282,2.84802E+25,,7.985797431,1.08277313,6.02613282,0.927270908,,479.1478458,0.297768745,361.5679692,0.002193412,,0.35256037,3.53781E+29,0.35256037,1
8.189631064,1.6521E+25,6.191247106,2.79495E+25,,8.189631064,1.089900135,6.191247106,0.933361091,,491.3778638,0.296687233,371.4748263,0.002183381,,0.347969655,3.51497E+29,0.347969655,1
8.397802517,1.62151E+25,6.357230483,2.74225E+25,,8.397802517,1.097018198,6.357230483,0.939550986,,503.868151,0.29560795,381.433829,0.002173866,,0.343438716,3.49424E+29,0.343438716,1
8.605497338,1.59256E+25,6.529987399,2.68907E+25,,8.605497338,1.103921623,6.529987399,0.945958144,,516.3298403,0.294567356,391.799244,0.002164243,,0.338966775,3.47235E+29,0.338966775,1
8.818562549,1.56372E+25,6.70345153,2.63927E+25,,8.818562549,1.110962898,6.70345153,0.95211965,,529.1137529,0.293536537,402.2070918,0.002154902,,0.334553063,3.45233E+29,0.334553063,1
9.037752908,1.5348E+25,6.881644342,2.58943E+25,,9.037752908,1.118193726,6.881644342,0.958436682,,542.2651745,0.292517167,412.8986605,0.00214564,,0.330196822,3.43329E+29,0.330196822,1
9.27149413,1.50598E+25,7.066659333,2.5407E+25,,9.27149413,1.125592248,7.066659333,0.964777917,,556.2896478,0.291447942,423.99956,0.0021363,,0.325897305,3.41471E+29,0.325897305,1
9.499629543,1.47857E+25,7.255637756,2.49256E+25,,9.499629543,1.132796135,7.255637756,0.971199343,,569.9777726,0.290462454,435.3382653,0.002127144,,0.321376784,3.38651E+29,0.321376784,1
9.736609568,1.45141E+25,7.447615374,2.44556E+25,,9.736609568,1.140116393,7.447615374,0.977628514,,584.1965741,0.289454637,446.8569224,0.002118205,,0.316642218,3.36174E+29,0.316642218,1
9.984458522,1.42454E+25,7.643373581,2.40049E+25,,9.984458522,1.147547523,7.643373581,0.98395482,,599.0675113,0.28843061,458.6024149,0.002109324,,0.311977403,3.33993E+29,0.311977403,1
10.23648229,1.39793E+25,7.844957538,2.35538E+25,,10.23648229,1.155082016,7.844957538,0.990442347,,614.1889375,0.287438068,470.6974523,0.002100561,,0.307381311,3.32051E+29,0.307381311,1
10.49810675,1.37158E+25,8.0517733,2.31024E+25,,10.49810675,1.162735271,8.0517733,0.997098007,,629.886405,0.286437616,483.106398,0.00209191,,0.302852928,3.29986E+29,0.302852928,1
10.76137291,1.34564E+25,8.26521094,2.26666E+25,,10.76137291,1.170454575,8.26521094,1.003696859,,645.6823746,0.285473298,495.9126564,0.002083158,,0.298391259,3.28113E+29,0.298391259,1
11.03234861,1.32096E+25,8.481243764,2.22374E+25,,11.03234861,1.177998097,8.481243764,1.010356245,,661.9409168,0.28449956,508.8746258,0.002074734,,0.293995319,3.26335E+29,0.293995319,1
11.29556192,1.29736E+25,8.703823385,2.18247E+25,,11.29556192,1.185380913,8.703823385,1.016930419,,677.7337152,0.28360219,522.2294031,0.002066264,,0.289664141,3.24594E+29,0.289664141,1
11.57649571,1.27295E+25,8.932334092,2.14094E+25,,11.57649571,1.193204224,8.932334092,1.023708331,,694.5897429,0.282662599,535.9400455,0.002057919,,0.284862377,3.21469E+29,0.284862377,1
11.86741112,1.24948E+25,9.165966759,2.09991E+25,,11.86741112,1.200928481,9.165966759,1.030576193,,712.0446669,0.281706535,549.9580055,0.002049694,,0.279606819,3.1872E+29,0.279606819,1
12.15550306,1.2266E+25,9.404872342,2.061E+25,,12.15550306,1.208634727,9.404872342,1.037265918,,729.3301839,0.280817294,564.2923405,0.002041511,,0.274448223,3.16375E+29,0.274448223,1
12.45186101,1.20433E+25,9.649558997,2.02216E+25,,12.45186101,1.216327208,9.649558997,1.044108045,,747.1116604,0.279923126,578.9735398,0.002033459,,0.269384801,3.1434E+29,0.269384801,1
12.7605077,1.182E+25,9.898880392,1.98418E+25,,12.7605077,1.224232512,9.898880392,1.050969176,,765.6304622,0.279012229,593.9328235,0.002025526,,0.264414796,3.12055E+29,0.264414796,1
13.05852177,1.16078E+25,10.15498475,1.94658E+25,,13.05852177,1.231919686,10.15498475,1.057935243,,783.5113059,0.278184509,609.2990847,0.002017645,,0.259536485,3.10099E+29,0.259536485,1
13.37850691,1.13982E+25,10.41427554,1.91006E+25,,13.37850691,1.239715412,10.41427554,1.064871429,,802.7104146,0.277290503,624.8565327,0.002009966,,0.254748176,3.08305E+29,0.254748176,1
13.71136125,1.11854E+25,10.68448382,1.87365E+25,,13.71136125,1.247823027,10.68448382,1.071968564,,822.6816749,0.276404046,641.0690291,0.002002228,,0.250048209,3.06623E+29,0.250048209,1
14.04597883,1.09796E+25,11.0159712,1.83112E+25,,14.04597883,1.255855123,11.0159712,1.080492845,,842.7587299,0.275549695,660.9582719,0.001993054,,,,,
14.38910031,1.07747E+25,11.29736618,1.79718E+25,,14.38910031,1.26405237,11.29736618,1.087490595,,863.3460187,0.274699354,677.8419709,0.001985559,,,,,
14.74856828,1.05729E+25,11.5846047,1.76363E+25,,14.74856828,1.272341281,11.5846047,1.094580069,,884.9140969,0.27382882,695.0762821,0.001978194,,,,,
15.1096731,1.03724E+25,11.88019124,1.73029E+25,,15.1096731,1.280770265,11.88019124,1.10180398,,906.5803863,0.272998165,712.8114745,0.001970866,,,,,
15.48300668,1.01798E+25,12.18211952,1.69748E+25,,15.48300668,1.289088704,12.18211952,1.109095453,,928.9804008,0.272155992,730.9271715,0.001963627,,,,,
15.86201398,9.99058E+24,12.48913062,1.66582E+25,,15.86201398,1.297463094,12.48913062,1.116313014,,951.7208387,0.271328985,749.347837,0.001956484,,,,,
16.24741143,9.80668E+24,12.80503291,1.6348E+25,,16.24741143,1.305807659,12.80503291,1.12356717,,974.8446859,0.270516655,768.3019746,0.001949397,,,,,
16.64109433,9.625E+24,13.13170693,1.60347E+25,,16.64109433,1.314255191,13.13170693,1.13107603,,998.4656598,0.269718127,787.9024161,0.001942276,,,,,
17.44425864,9.27502E+24,13.46294558,1.57367E+25,,17.44425864,1.331143299,13.46294558,1.138406392,,1046.655518,0.26815125,807.7767349,0.001935308,,,,,
17.85371753,9.10701E+24,13.80131781,1.54409E+25,,17.85371753,1.339551808,13.80131781,1.145866085,,1071.223052,0.267399508,828.0790686,0.001928455,,,,,
18.28590303,8.9367E+24,14.14600808,1.51527E+25,,18.28590303,1.348291414,14.14600808,1.153317673,,1097.154182,0.266619438,848.7604851,0.001921712,,,,,
18.72504834,8.77133E+24,14.50004558,1.48682E+25,,18.72504834,1.356993897,14.50004558,1.160862309,,1123.502901,0.265850924,870.0027349,0.001914985,,,,,
19.24305653,8.5834E+24,14.86046507,1.45881E+25,,19.24305653,1.36714612,14.86046507,1.168475849,,1154.583392,0.264989744,891.6279043,0.001908417,,,,,
19.69812035,8.42763E+24,15.23578075,1.4312E+25,,19.69812035,1.375796703,15.23578075,1.176178379,,1181.887221,0.264240297,914.1468453,0.001901694,,,,,
20.17061571,8.27123E+24,15.60276986,1.40514E+25,,20.17061571,1.384694954,15.60276986,1.183628884,,1210.236943,0.263493964,936.1661918,0.001895524,,,,,
20.65016971,8.11901E+24,15.97615711,1.37963E+25,,20.65016971,1.393572319,15.97615711,1.191103235,,1239.010182,0.262763167,958.5694265,0.001889298,,,,,
21.14370076,7.96697E+24,16.36638813,1.35433E+25,,21.14370076,1.402659965,16.36638813,1.198704561,,1268.622046,0.262034654,981.9832877,0.001882906,,,,,
21.63882984,7.82182E+24,16.76071701,1.32957E+25,,21.63882984,1.411555499,16.76071701,1.20632463,,1298.32979,0.261328543,1005.643021,0.001876798,,,,,
22.15308099,7.67583E+24,17.16288363,1.3053E+25,,22.15308099,1.420724973,17.16288363,1.21398025,,1329.18486,0.260615018,1029.773018,0.001870723,,,,,
22.67234068,7.53704E+24,17.58407088,1.28087E+25,,22.67234068,1.42966768,17.58407088,1.221880018,,1360.340441,0.259910233,1055.044253,0.001864537,,,,,
23.20246385,7.39829E+24,18.00874085,1.25733E+25,,23.20246385,1.438821723,18.00874085,1.229682708,,1392.147831,0.259221268,1080.524451,0.0018586,,,,,
23.75345959,7.2604E+24,18.44723282,1.23411E+25,,23.75345959,1.448149726,18.44723282,1.237577702,,1425.207575,0.258524798,1106.833969,0.001852505,,,,,
24.31133553,7.12625E+24,18.89023066,1.21146E+25,,24.31133553,1.457455855,18.89023066,1.245467341,,1458.680132,0.257835738,1133.413839,0.001846669,,,,,
24.98416861,6.97165E+24,19.35122569,1.18876E+25,,24.98416861,1.46846936,19.35122569,1.253575219,,1499.050117,0.257048097,1161.073542,0.001840743,,,,,
25.56892001,6.84292E+24,19.82788315,1.16634E+25,,25.56892001,1.477894904,19.82788315,1.261785479,,1534.135201,0.256372699,1189.672989,0.001834824,,,,,
26.17602469,6.71598E+24,20.30798337,1.14474E+25,,26.17602469,1.487426082,20.30798337,1.269899782,,1570.561481,0.255694386,1218.479002,0.001829054,,,,,
26.79296553,6.59013E+24,20.80469597,1.1234E+25,,26.79296553,1.497108116,20.80469597,1.278119375,,1607.577932,0.255032267,1248.281758,0.001823283,,,,,
27.4241391,6.46744E+24,21.30486216,1.10258E+25,,27.4241391,1.506790194,21.30486216,1.286338121,,1645.448346,0.254374523,1278.291729,0.001817652,,,,,
28.06355887,6.34789E+24,21.89425911,1.07906E+25,,28.06355887,1.516461137,21.89425911,1.295879333,,1683.813532,0.253730085,1313.655547,0.001811247,,,,,
28.84581134,6.20827E+24,22.50282602,1.05599E+25,,28.84581134,1.528067825,22.50282602,1.305507932,,1730.74868,0.252970752,1350.169561,0.001804831,,,,,
29.52929427,6.09259E+24,23.03018194,1.03681E+25,,29.52929427,1.537955125,23.03018194,1.313729809,,1771.757656,0.252320239,1381.810917,0.001799542,,,,,
30.34484041,5.958E+24,23.57831031,1.01766E+25,,30.34484041,1.549768876,23.57831031,1.32214095,,1820.690424,0.251579494,1414.698619,0.001794138,,,,,
31.18846613,5.8267E+24,24.13642339,9.99021E+24,,31.18846613,1.561645451,24.13642339,1.33053552,,1871.307968,0.250840602,1448.185403,0.00178882,,,,,
32.03590489,5.69997E+24,24.7084503,9.80475E+24,,32.03590489,1.573451638,24.7084503,1.33909327,,1922.154293,0.250116501,1482.507018,0.001783617,,,,,
32.92760539,5.5739E+24,25.30656301,9.62164E+24,,32.92760539,1.585547636,25.30656301,1.34776499,,1975.656323,0.249388851,1518.393781,0.001778145,,,,,
33.81562267,5.45319E+24,25.91861909,9.44077E+24,,33.81562267,1.597474567,25.91861909,1.35654519,,2028.93736,0.248688387,1555.117145,0.001772865,,,,,
34.75170011,5.33301E+24,26.52760426,9.26594E+24,,34.75170011,1.609706813,26.52760426,1.365242076,,2085.102007,0.247975979,1591.656256,0.001767868,,,,,
35.71475323,5.21481E+24,27.42369965,9.02387E+24,,35.71475323,1.622100141,27.42369965,1.377659831,,2142.885194,0.247267608,1645.421979,0.001760605,,,,,
36.70013855,5.09898E+24,28.07343611,8.85668E+24,,36.70013855,1.634609045,28.07343611,1.386497745,,2202.008313,0.2465765,1684.406167,0.001755548,,,,,
37.71522398,4.98499E+24,28.74288904,8.69184E+24,,37.71522398,1.647294955,28.74288904,1.395432649,,2262.913439,0.24588513,1724.573342,0.001750514,,,,,
38.72246922,4.87774E+24,29.42698671,8.52812E+24,,38.72246922,1.659588502,29.42698671,1.404530453,,2323.348153,0.245229265,1765.619203,0.001745507,,,,,
39.77238426,4.77099E+24,30.25124707,8.34176E+24,,39.77238426,1.672189536,30.25124707,1.415175793,,2386.343055,0.244560804,1815.074824,0.001739746,,,,,
41.40197716,4.61448E+24,31.07223298,8.1639E+24,,41.40197716,1.69135876,31.07223298,1.425634467,,2484.11863,0.243570937,1864.333979,0.001734173,,,,,
42.51689524,4.51353E+24,31.92112687,7.98772E+24,,42.51689524,1.704185892,31.92112687,1.436296676,,2551.013715,0.242928205,1915.267612,0.001728627,,,,,
43.66288093,4.41522E+24,32.79765906,7.81442E+24,,43.66288093,1.717056461,32.79765906,1.447095621,,2619.772856,0.242279795,1967.859544,0.00172309,,,,,
44.86444378,4.31671E+24,33.56763077,7.669E+24,,44.86444378,1.730340833,33.56763077,1.456406216,,2691.866627,0.241625814,2014.057846,0.001718405,,,,,
46.0908973,4.22074E+24,34.48758917,7.50371E+24,,46.0908973,1.743672837,34.48758917,1.467281074,,2765.453838,0.240987527,2069.25535,0.001712977,,,,,
47.35341354,4.1265E+24,35.4433559,7.33993E+24,,47.35341354,1.757164364,35.4433559,1.478376404,,2841.204813,0.240352553,2126.601354,0.001707509,,,,,
48.6283685,4.0357E+24,36.27412214,7.20297E+24,,48.6283685,1.770555535,36.27412214,1.48790936,,2917.70211,0.239740366,2176.447329,0.001702946,,,,,
49.94891278,3.94622E+24,37.12656606,7.06741E+24,,49.94891278,1.784151911,37.12656606,1.497583235,,2996.934767,0.239122798,2227.593964,0.001698433,,,,,
51.3056716,3.85868E+24,38.15655373,6.91107E+24,,51.3056716,1.797859504,38.15655373,1.5090539,,3078.340296,0.23850817,2289.393224,0.001693141,,,,,
52.69769359,3.77244E+24,39.04709862,6.78263E+24,,52.69769359,1.811770621,39.04709862,1.518740545,,3161.861615,0.23789955,2342.825917,0.001688729,,,,,
54.10991755,3.68948E+24,40.13481627,6.63286E+24,,54.10991755,1.825559156,40.13481627,1.530350959,,3246.595053,0.237313063,2408.088976,0.00168343,,,,,
55.56302982,3.60789E+24,41.23065989,6.4865E+24,,55.56302982,1.839526799,41.23065989,1.542031199,,3333.781789,0.236726279,2473.839593,0.001678459,,,,,
57.0584907,3.52782E+24,42.37583919,6.34422E+24,,57.0584907,1.853653506,42.37583919,1.553738808,,3423.509442,0.236139058,2542.550351,0.001673262,,,,,
58.60097731,3.44937E+24,43.52626702,6.20571E+24,,58.60097731,1.867913338,43.52626702,1.565469771,,3516.058639,0.235557253,2611.576021,0.001668295,,,,,
60.1874884,3.37283E+24,44.74091269,6.06656E+24,,60.1874884,1.882252892,44.74091269,1.577613143,,3611.249304,0.234976152,2684.454762,0.001663241,,,,,
61.78632317,3.29815E+24,45.95641486,5.93434E+24,,61.78632317,1.896657695,45.95641486,1.589498841,,3707.17939,0.23442156,2757.384891,0.001658468,,,,,
63.45906524,3.22458E+24,47.20220396,5.80434E+24,,63.45906524,1.91128826,47.20220396,1.601534275,,3807.543914,0.233848697,2832.132238,0.001653677,,,,,
65.14381578,3.15381E+24,48.47718865,5.67795E+24,,65.14381578,1.925785015,48.47718865,1.613587287,,3908.628947,0.233303138,2908.631319,0.001648923,,,,,
66.86929004,3.08425E+24,49.82120633,5.55197E+24,,66.86929004,1.940459493,49.82120633,1.625964504,,4012.157402,0.232764694,2989.27238,0.001644037,,,,,
68.66305627,3.01567E+24,51.18641429,5.42935E+24,,68.66305627,1.955372133,51.18641429,1.638374528,,4119.783376,0.232205847,3071.184857,0.001639306,,,,,
70.45406718,2.94978E+24,52.6051557,5.30752E+24,,70.45406718,1.970124979,52.6051557,1.651078821,,4227.244031,0.231683434,3156.309342,0.001634577,,,,,
72.30330803,2.8859E+24,54.0593032,5.18812E+24,,72.30330803,1.98486035,54.0593032,1.663911257,,4338.198482,0.23115337,3243.558192,0.001629887,,,,,
74.23707285,2.82157E+24,55.53171234,5.07337E+24,,74.23707285,2.000142348,55.53171234,1.67662097,,4454.224371,0.230623584,3331.90274,0.001625346,,,,,
76.20315241,2.759E+24,57.05133928,4.96071E+24,,76.20315241,2.015451966,57.05133928,1.689480192,,4572.189144,0.230110555,3423.080357,0.001620756,,,,,
78.22211348,2.69809E+24,58.61347683,4.85052E+24,,78.22211348,2.030815238,58.61347683,1.702436871,,4693.326809,0.229589117,3516.80861,0.001616285,,,,,
80.28120242,2.63806E+24,60.19852655,4.74384E+24,,80.28120242,2.046408864,60.19852655,1.715361694,,4816.872145,0.229078643,3611.911593,0.001611884,,,,,
82.39736301,2.57949E+24,61.79951192,4.63995E+24,,82.39736301,2.062088171,61.79951192,1.728319527,,4943.841781,0.228568016,3707.970715,0.001607676,,,,,
84.54224733,2.52233E+24,63.43448585,4.53958E+24,,84.54224733,2.077852156,63.43448585,1.741221693,,5072.53484,0.228073238,3806.069151,0.001603265,,,,,
86.75695205,2.46634E+24,65.15772157,4.43931E+24,,86.75695205,2.093764315,65.15772157,1.754493169,,5205.417123,0.227572018,3909.463294,0.001598974,,,,,
88.97522898,2.4127E+24,66.87459328,4.34337E+24,,88.97522898,2.109466196,66.87459328,1.767568916,,5338.513739,0.227093434,4012.475597,0.001594823,,,,,
91.28178277,2.35921E+24,68.68224019,4.24733E+24,,91.28178277,2.125594045,68.68224019,1.781048531,,5476.906966,0.226604881,4120.934412,0.001590647,,,,,
93.63803982,2.30689E+24,71.80272455,4.09104E+24,,93.63803982,2.141845621,71.80272455,1.803876972,,5618.282389,0.226130134,4308.163473,0.001583715,,,,,
96.03904338,2.25633E+24,73.74714979,4.0003E+24,,96.03904338,2.158029133,73.74714979,1.817673077,,5762.342603,0.225654078,4424.828987,0.001579612,,,,,
98.5023165,2.20664E+24,75.6836618,3.91296E+24,,98.5023165,2.174407622,75.6836618,1.831345666,,5910.13899,0.225186386,4541.019708,0.001575737,,,,,
103.1707057,2.11814E+24,77.699006,3.82723E+24,,103.1707057,2.204834782,77.699006,1.845178948,,6190.242343,0.224330181,4661.94036,0.00157161,,,,,
105.7722873,2.07165E+24,79.77860332,3.74259E+24,,105.7722873,2.22150308,79.77860332,1.859240016,,6346.337239,0.223881093,4786.716199,0.001567675,,,,,
108.4805837,2.02578E+24,81.8467983,3.66182E+24,,108.4805837,2.238448145,81.8467983,1.873059938,,6508.835019,0.223425931,4910.807898,0.001563863,,,,,
111.1479297,1.98187E+24,83.98265519,3.58279E+24,,111.1479297,2.255147464,83.98265519,1.886981993,,6668.875781,0.222998753,5038.959312,0.001560071,,,,,
113.9119438,1.93938E+24,86.19310491,3.50441E+24,,113.9119438,2.271797196,86.19310491,1.901197286,,6834.716629,0.222553069,5171.586294,0.00155629,,,,,
116.8104229,1.89624E+24,88.51301657,3.4267E+24,,116.8104229,2.289197073,88.51301657,1.915720984,,7008.625375,0.222111324,5310.780994,0.001552466,,,,,
119.752394,1.85432E+24,90.87707881,3.35079E+24,,119.752394,2.306619017,90.87707881,1.930335835,,7185.143639,0.221677506,5452.624728,0.001548665,,,,,
122.7637521,1.81343E+24,93.28950377,3.2769E+24,,122.7637521,2.324128696,93.28950377,1.944990103,,7365.825128,0.221245578,5597.370226,0.001544987,,,,,
125.8639872,1.77324E+24,95.79475691,3.20376E+24,,125.8639872,2.341856048,95.79475691,1.959939075,,7551.83923,0.22081579,5747.685414,0.001541219,,,,,
129.0414184,1.73386E+24,98.32267386,3.13279E+24,,129.0414184,2.359754636,98.32267386,1.974882621,,7742.485103,0.220388519,5899.360431,0.0015376,,,,,
132.2572266,1.69541E+24,100.9632907,3.06272E+24,,132.2572266,2.377756145,100.9632907,1.990087417,,7935.433598,0.219970901,6057.797443,0.001533905,,,,,
135.575556,1.65791E+24,103.6168083,2.99542E+24,,135.575556,2.395852238,103.6168083,2.005135302,,8134.53336,0.219550244,6217.008499,0.001530374,,,,,
138.9330718,1.6215E+24,106.3502449,2.92912E+24,,138.9330718,2.413944359,106.3502449,2.020405787,,8335.984307,0.219146639,6381.014694,0.001526842,,,,,
142.3922199,1.58558E+24,109.0730113,2.86526E+24,,142.3922199,2.432337997,109.0730113,2.035550728,,8543.533192,0.218737891,6544.380679,0.001523492,,,,,
145.9382691,1.55065E+24,111.8457932,2.80406E+24,,145.9382691,2.450761662,111.8457932,2.050502761,,8756.296148,0.218332649,6710.747591,0.001520043,,,,,
149.594215,1.51588E+24,114.773058,2.74197E+24,,149.594215,2.46966126,114.773058,2.066118238,,8975.652903,0.217925288,6886.383479,0.001516577,,,,,
153.306452,1.4823E+24,117.7677871,2.68105E+24,,153.306452,2.488468286,117.7677871,2.08190542,,9198.387122,0.217531639,7066.067226,0.001513204,,,,,
157.1003765,1.44961E+24,120.8563048,2.62105E+24,,157.1003765,2.507336077,120.8563048,2.097927297,,9426.022587,0.217135647,7251.378286,0.001509756,,,,,
160.9599397,1.41775E+24,123.9044576,2.56463E+24,,160.9599397,2.526273161,123.9044576,2.113446485,,9657.596384,0.21675021,7434.267457,0.001506509,,,,,
164.9225137,1.38629E+24,127.1087358,2.50802E+24,,164.9225137,2.545541334,127.1087358,2.129483495,,9895.35082,0.216358133,7626.524148,0.001503226,,,,,
168.9658338,1.35571E+24,130.3828802,2.45235E+24,,168.9658338,2.564836001,130.3828802,2.145732827,,10137.95003,0.215976137,7822.972811,0.001499883,,,,,
173.1028689,1.32602E+24,133.6589438,2.39903E+24,,173.1028689,2.584129762,133.6589438,2.161756945,,10386.17214,0.215594206,8019.536626,0.0014968,,,,,
177.3410379,1.29673E+24,137.0608547,2.34652E+24,,177.3410379,2.603740177,137.0608547,2.17801905,,10640.46228,0.21521333,8223.651282,0.001493538,,,,,
181.7072814,1.26792E+24,140.4179958,2.29641E+24,,181.7072814,2.623618762,140.4179958,2.193986636,,10902.43688,0.214834797,8425.07975,0.001490559,,,,,
186.1844603,1.23953E+24,143.9642398,2.24643E+24,,186.1844603,2.64379894,143.9642398,2.210389317,,11171.06762,0.214455242,8637.854388,0.001487388,,,,,
190.6999764,1.21251E+24,147.6449198,2.19651E+24,,190.6999764,2.663592638,147.6449198,2.227264437,,11441.99859,0.214085147,8858.695191,0.001484274,,,,,
195.3522652,1.18563E+24,151.4310058,2.14731E+24,,195.3522652,2.683875546,151.4310058,2.244401201,,11721.13591,0.213710973,9085.860348,0.001481166,,,,,
200.0844531,1.15936E+24,155.3046356,2.09959E+24,,200.0844531,2.704290376,155.3046356,2.261530216,,12005.06718,0.213340043,9318.278138,0.00147808,,,,,
204.9140483,1.13396E+24,159.2190254,2.05305E+24,,204.9140483,2.724637636,159.2190254,2.278742553,,12294.8429,0.212979062,9553.141523,0.001475046,,,,,
209.830119,1.10891E+24,165.3250426,1.9852E+24,,209.830119,2.745297107,165.3250426,2.304798162,,12589.80714,0.212612979,9919.502553,0.001470511,,,,,
214.8691947,1.08466E+24,169.5054552,1.94098E+24,,214.8691947,2.765915099,169.5054552,2.322422993,,12892.15168,0.212250317,10170.32731,0.001467517,,,,,
219.985355,1.06091E+24,173.7839655,1.8977E+24,,219.985355,2.78669421,173.7839655,2.340198288,,13199.1213,0.211898866,10427.03793,0.001464631,,,,,
226.1982905,1.0335E+24,178.173976,1.85552E+24,,226.1982905,2.811480954,178.173976,2.358050628,,13571.89743,0.211470847,10690.43856,0.001461694,,,,,
231.5654659,1.01076E+24,182.6515961,1.81418E+24,,231.5654659,2.832709139,182.6515961,2.376083704,,13893.92796,0.211122095,10959.09576,0.00145879,,,,,
237.091536,9.88631E+23,187.1612659,1.7743E+24,,237.091536,2.853991925,187.1612659,2.394000541,,14225.49216,0.210763582,11229.67595,0.001456037,,,,,
242.7305316,9.66805E+23,191.8452892,1.73483E+24,,242.7305316,2.875613339,191.8452892,2.412270837,,14563.83189,0.210414914,11510.71735,0.00145318,,,,,
248.4377428,9.45531E+23,196.6311054,1.69658E+24,,248.4377428,2.897321653,196.6311054,2.430518655,,14906.26457,0.210072687,11797.86632,0.001450434,,,,,
254.3548133,9.24599E+23,201.4938233,1.6591E+24,,254.3548133,2.919334972,201.4938233,2.448935777,,15261.2888,0.209715999,12089.6294,0.001447646,,,,,
261.1623172,9.01467E+23,206.4724842,1.62234E+24,,261.1623172,2.944441183,206.4724842,2.46754218,,15669.73903,0.209329669,12388.34905,0.00144496,,,,,
267.3335475,8.81354E+23,211.6103559,1.58645E+24,,267.3335475,2.966981254,211.6103559,2.486266488,,16040.01285,0.208983275,12696.62135,0.001442182,,,,,
274.604936,8.58838E+23,216.7589418,1.55163E+24,,274.604936,2.993044228,216.7589418,2.504973651,,16476.29616,0.208588698,13005.53651,0.001439563,,,,,
282.081251,8.36779E+23,222.0862156,1.51757E+24,,282.081251,3.019476302,222.0862156,2.523823966,,16924.87506,0.208195837,13325.17293,0.001436894,,,,,
289.6825504,8.15397E+23,227.5891339,1.48407E+24,,289.6825504,3.046000445,227.5891339,2.542924193,,17380.95303,0.207809121,13655.34803,0.001434268,,,,,
297.4834195,7.94377E+23,233.1996305,1.45107E+24,,297.4834195,3.072989982,233.1996305,2.562311508,,17849.00517,0.207430552,13991.97783,0.001431663,,,,,
305.4969451,7.73854E+23,238.9593788,1.41902E+24,,305.4969451,3.100283005,238.9593788,2.581707416,,18329.81671,0.207044616,14337.56273,0.001429059,,,,,
313.6198841,7.54101E+23,244.7882932,1.38754E+24,,313.6198841,3.12747923,244.7882932,2.601337159,,18817.19305,0.206668418,14687.29759,0.001426506,,,,,
321.8614014,7.34728E+23,250.8022089,1.35685E+24,,321.8614014,3.155083029,250.8022089,2.621054488,,19311.68408,0.20630598,15048.13253,0.001423952,,,,,
330.3163462,7.16027E+23,256.9096002,1.32696E+24,,330.3163462,3.182675375,256.9096002,2.640837757,,19818.98077,0.205934965,15414.57601,0.001421518,,,,,
338.9155844,6.97725E+23,263.1600866,1.29746E+24,,338.9155844,3.210618916,263.1600866,2.660953038,,20334.93507,0.205578407,15789.6052,0.001418996,,,,,
347.7252234,6.7976E+23,269.5415973,1.26902E+24,,347.7252234,3.239015855,269.5415973,2.680928583,,20863.5134,0.205218038,16172.49584,0.001416602,,,,,
356.7421559,6.623E+23,276.08984,1.24104E+24,,356.7421559,3.267591062,276.08984,2.701178998,,21404.52935,0.204866589,16565.3904,0.001414159,,,,,
366.0520512,6.45104E+23,282.827472,1.2136E+24,,366.0520512,3.296737608,282.827472,2.721637687,,21963.12307,0.20450528,16969.64832,0.001411703,,,,,
375.5285922,6.28239E+23,289.7180772,1.18657E+24,,375.5285922,3.326338993,289.7180772,2.742400912,,22531.71553,0.204158039,17383.08463,0.001409275,,,,,
385.1656047,6.11899E+23,296.7497559,1.16031E+24,,385.1656047,3.356048259,296.7497559,2.763185325,,23109.93628,0.203814883,17804.98535,0.001406958,,,,,
394.9798353,5.96023E+23,304.0121429,1.13444E+24,,394.9798353,3.3859477,304.0121429,2.784279454,,23698.79012,0.20347259,18240.72857,0.001404544,,,,,
404.9750317,5.80504E+23,311.3148254,1.10955E+24,,404.9750317,3.416267371,311.3148254,2.805189653,,24298.5019,0.203053288,18678.88952,0.001402285,,,,,
415.0620774,5.65434E+23,318.8520728,1.08493E+24,,415.0620774,3.44670492,318.8520728,2.826504802,,24903.72465,0.202734576,19131.12437,0.001399909,,,,,
425.3404283,5.50673E+23,326.4628651,1.06102E+24,,425.3404283,3.47759256,326.4628651,2.847824941,,25520.4257,0.202407397,19587.7719,0.001397648,,,,,
435.9182753,5.36178E+23,335.3132106,1.03468E+24,,435.9182753,3.509015454,335.3132106,2.872076362,,26155.09652,0.20208168,20118.79263,0.001395112,,,,,
446.5049945,5.22206E+23,350.2714681,9.93269E+23,,446.5049945,3.540390669,350.2714681,2.911902103,,26790.29967,0.201772879,21016.28809,0.001391044,,,,,
457.2786949,5.08625E+23,358.5954478,9.71532E+23,,457.2786949,3.57198366,358.5954478,2.933705044,,27436.7217,0.201459523,21515.72687,0.001388873,,,,,
468.3442003,4.95269E+23,367.1833212,9.50073E+23,,468.3442003,3.604170405,367.1833212,2.955875795,,28100.65202,0.201146816,22030.99927,0.001386702,,,,,
482.9433469,4.78471E+23,375.9959871,9.29032E+23,,482.9433469,3.646332296,375.9959871,2.978273885,,28976.60082,0.200751876,22559.75923,0.001384543,,,,,
494.4971406,4.65693E+23,385.0220158,9.08537E+23,,494.4971406,3.679740387,385.0220158,3.000752001,,29669.82844,0.20045226,23101.32095,0.001382392,,,,,
506.2825907,4.53264E+23,394.3152876,8.88237E+23,,506.2825907,3.713433135,394.3152876,3.02369148,,30376.95544,0.200155529,23658.91725,0.001380245,,,,,
518.3389977,4.41075E+23,403.7502714,8.68635E+23,,518.3389977,3.747697118,403.7502714,3.046515525,,31100.33986,0.199856887,24225.01628,0.001378143,,,,,
530.4816773,4.29181E+23,413.3880364,8.49349E+23,,530.4816773,3.782366795,413.3880364,3.069650455,,31828.90064,0.199561419,24803.28218,0.001376066,,,,,
542.8546545,4.17599E+23,423.2846409,8.30615E+23,,542.8546545,3.817378769,423.2846409,3.092806554,,32571.27927,0.1992748,25397.07845,0.001373993,,,,,
557.3437271,4.04695E+23,433.3681132,8.12192E+23,,557.3437271,3.857953372,433.3681132,3.116261057,,33440.62362,0.198939669,26002.08679,0.001372022,,,,,
572.0097386,3.92067E+23,443.6538872,7.94284E+23,,572.0097386,3.899353128,443.6538872,3.139757769,,34320.58431,0.198615885,26619.23323,0.001369944,,,,,
586.9442598,3.79835E+23,454.2396374,7.76794E+23,,586.9442598,3.94118526,454.2396374,3.163398002,,35216.65559,0.198299916,27254.37824,0.001367924,,,,,
602.2567712,3.67854E+23,464.9219001,7.59692E+23,,602.2567712,3.983942935,464.9219001,3.187200588,,36135.40627,0.19797518,27895.31401,0.001366027,,,,,
617.7813606,3.56173E+23,475.9312072,7.4296E+23,,617.7813606,4.02744994,475.9312072,3.21120097,,37066.88164,0.197660437,28555.87243,0.001363996,,,,,
633.7141423,3.44778E+23,487.2068355,7.26638E+23,,633.7141423,4.071767327,487.2068355,3.235310511,,38022.84854,0.197345118,29232.41013,0.001362119,,,,,
649.7973585,3.33657E+23,498.6375321,7.10847E+23,,649.7973585,4.116932871,498.6375321,3.259337932,,38987.84151,0.197040809,29918.25193,0.001360196,,,,,
666.2281652,3.22859E+23,510.4924525,6.95E+23,,666.2281652,4.16276081,510.4924525,3.284177167,,39973.68991,0.196729278,30629.54715,0.001358216,,,,,
682.9403143,3.12263E+23,522.4608093,6.79899E+23,,682.9403143,4.209749289,522.4608093,3.308559149,,40976.41886,0.196425363,31347.64856,0.001356341,,,,,
699.9745008,3.01987E+23,534.6724923,6.64943E+23,,699.9745008,4.257399419,534.6724923,3.333425582,,41998.47005,0.196120616,32080.34954,0.001354474,,,,,
717.3426165,2.91942E+23,547.1831937,6.50532E+23,,717.3426165,4.306111758,547.1831937,3.358105065,,43040.55699,0.19582152,32830.99162,0.001352631,,,,,
734.9728007,2.82125E+23,559.990404,6.36245E+23,,734.9728007,4.355926677,559.990404,3.383302371,,44098.36804,0.195518068,33599.42424,0.001350791,,,,,
752.8876387,2.72507E+23,573.2205819,6.22209E+23,,752.8876387,4.407019605,573.2205819,3.408802103,,45173.25832,0.195220097,34393.23492,0.001348953,,,,,
771.1211268,2.6315E+23,586.6312264,6.0852E+23,,771.1211268,4.459088466,586.6312264,3.434414969,,46267.26761,0.194920027,35197.87358,0.001347207,,,,,
789.546142,2.54035E+23,602.6551613,5.92976E+23,,789.546142,4.512229516,602.6551613,3.464455677,,47372.76852,0.194625239,36159.30968,0.001345078,,,,,
808.4350773,2.45076E+23,616.7545579,5.79966E+23,,808.4350773,4.566996489,616.7545579,3.490416085,,48506.10464,0.194330398,37005.27347,0.0013433,,,,,
827.8404599,2.36277E+23,631.1718354,5.67257E+23,,827.8404599,4.623453016,631.1718354,3.516532612,,49670.42759,0.194027062,37870.31013,0.001341622,,,,,
847.5823632,2.277E+23,646.0540373,5.54761E+23,,847.5823632,4.681242784,646.0540373,3.542989254,,50854.94179,0.193728521,38763.24224,0.001339845,,,,,
868.0553593,2.19202E+23,661.2947831,5.42474E+23,,868.0553593,4.741431091,661.2947831,3.569789717,,52083.32156,0.193423865,39677.68699,0.001338046,,,,,
890.7523758,2.10244E+23,679.2488563,5.28594E+23,,890.7523758,4.808315387,679.2488563,3.6010519,,53445.14255,0.193119485,40754.93138,0.001336056,,,,,
912.0897123,2.02463E+23,708.7015602,5.07502E+23,,912.0897123,4.869591751,708.7015602,3.650711369,,54725.38274,0.192829185,42522.09361,0.001333055,,,,,
937.1022818,1.93831E+23,725.459627,4.96263E+23,,937.1022818,4.941358473,725.459627,3.678322354,,56226.13691,0.192490844,43527.57762,0.001331256,,,,,
960.2253872,1.86381E+23,742.4591952,4.85317E+23,,960.2253872,5.006797621,742.4591952,3.706016048,,57613.52323,0.19220513,44547.55171,0.001329626,,,,,
984.1601426,1.79217E+23,762.6649777,4.72875E+23,,984.1601426,5.073116902,762.6649777,3.738524268,,59049.60856,0.191915866,45759.89866,0.001327741,,,,,
1009.336396,1.72172E+23,780.5178361,4.62427E+23,,1009.336396,5.141854543,780.5178361,3.766715426,,60560.18375,0.191629444,46831.07017,0.001326157,,,,,
1035.052087,1.65477E+23,798.7725517,4.52219E+23,,1035.052087,5.210760649,798.7725517,3.795097895,,62103.12522,0.191342095,47926.3531,0.001324469,,,,,
1061.499882,1.59065E+23,817.4034929,4.42267E+23,,1061.499882,5.280324424,817.4034929,3.823600374,,63689.99292,0.191069306,49044.20957,0.001322862,,,,,
1088.939181,1.52883E+23,839.6589663,4.30917E+23,,1088.939181,5.351021549,839.6589663,3.857166084,,65336.35085,0.190796799,50379.53798,0.001321052,,,,,
1117.420007,1.46916E+23,862.2948459,4.19917E+23,,1117.420007,5.422981598,862.2948459,3.89083661,,67045.20045,0.190525892,51737.69075,0.001319278,,,,,
1147.075883,1.41114E+23,885.6434991,4.09251E+23,,1147.075883,5.4967799,885.6434991,3.924635614,,68824.55301,0.19025541,53138.60994,0.001317476,,,,,
1177.641671,1.35515E+23,909.6191846,3.98786E+23,,1177.641671,5.571938117,909.6191846,3.958953997,,70658.50028,0.189991289,54577.15107,0.001315717,,,,,
1205.431287,1.3077E+23,930.8586437,3.9002E+23,,1205.431287,5.638946476,930.8586437,3.988644467,,72325.87724,0.189760268,55851.51862,0.001314179,,,,,
1234.171662,1.26198E+23,952.6294648,3.81379E+23,,1234.171662,5.706658841,952.6294648,4.01879201,,74050.29974,0.189535162,57157.76789,0.001312662,,,,,
1263.913446,1.2177E+23,974.8735109,3.7293E+23,,1263.913446,5.775414258,974.8735109,4.049161538,,75834.80673,0.189311037,58492.41065,0.001311156,,,,,
1294.761472,1.17487E+23,1001.267038,3.63401E+23,,1294.761472,5.845187927,1001.267038,4.084539097,,77685.68834,0.189089254,60076.02229,0.001309384,,,,,
1326.778791,1.13344E+23,1028.514526,3.54078E+23,,1326.778791,5.915977191,1028.514526,4.120370162,,79606.72748,0.188865101,61710.87154,0.001307627,,,,,
1359.753394,1.09378E+23,1056.19633,3.44989E+23,,1359.753394,5.987053807,1056.19633,4.156522509,,81585.20363,0.188638038,63371.7798,0.001306019,,,,,
1392.278715,1.05691E+23,1080.856745,3.37384E+23,,1392.278715,6.056256731,1080.856745,4.187770621,,83536.72287,0.188454618,64851.40469,0.001304526,,,,,
1426.787623,1.02057E+23,1110.055882,3.28764E+23,,1426.787623,6.127719446,1110.055882,4.224342365,,85607.25738,0.188243421,66603.35294,0.001302895,,,,,
1462.668745,9.85574E+22,1140.156364,3.20345E+23,,1462.668745,6.199798047,1140.156364,4.26131637,,87760.12469,0.188064176,68409.38186,0.001301247,,,,,
1500.398198,9.51065E+22,1170.837777,3.12174E+23,,1500.398198,6.274359106,1170.837777,4.29845515,,90023.89185,0.187818497,70250.26661,0.001299702,,,,,
1539.202422,9.17856E+22,1202.264262,3.04215E+23,,1539.202422,6.349483931,1202.264262,4.335907974,,92352.14533,0.187679915,72135.85571,0.001298018,,,,,
1579.873835,8.85476E+22,1234.839847,2.96401E+23,,1579.873835,6.426499151,1234.839847,4.373965632,,94792.43009,0.187370845,74090.39082,0.001296481,,,,,
1620.667756,8.55094E+22,1268.329886,2.88818E+23,,1620.667756,6.50194584,1268.329886,4.412204059,,97240.06536,0.187348866,76099.79318,0.001294908,,,,,
1666.666667,8.22637E+22,1302.561903,2.81391E+23,,1666.666667,6.586811787,1302.561903,4.45097265,,100000,0.18713501,78153.71416,0.001293314,,,,,
,,1337.98847,2.74141E+23,,,,1337.98847,4.490156611,,,,80279.30823,0.001291774,,,,,
,,1373.771351,2.67164E+23,,,,1373.771351,4.529191946,,,,82426.28103,0.001290274,,,,,
,,1411.166577,2.60289E+23,,,,1411.166577,4.56901359,,,,84669.99459,0.001288683,,,,,
,,1448.959677,2.53635E+23,,,,1448.959677,4.60890546,,,,86937.58062,0.001287231,,,,,
,,1487.685592,2.47236E+23,,,,1487.685592,4.648633805,,,,89261.13552,0.001285542,,,,,
,,1527.821719,2.40866E+23,,,,1527.821719,4.68947191,,,,91669.30311,0.001284955,,,,,
,,1574.930433,2.33867E+23,,,,1574.930433,4.735969038,,,,94495.82599,0.001285175,,,,,
,,1614.013839,2.2831E+23,,,,1614.013839,4.774634893,,,,96840.83035,0.00128035,,,,,
,,1657.552009,2.22436E+23,,,,1657.552009,4.816201688,,,,99453.12055,0.001283623,,,,,
,,1666.666667,2.21139E+23,,,,1666.666667,4.826000202,,,,100000,0.001279142,,,,,
