Time(s),Ndens,,Time(s),R(m),,Time(s),FV
0.009166062,15336481526,,0.009166062,6.20811E-10,,0.009166062,1.53707E-17
0.012030868,2.01421E+14,,0.012030868,6.20812E-10,,0.012030868,2.01871E-13
0.012377274,4.98324E+14,,0.012377274,6.21051E-10,,0.012377274,5.00016E-13
0.012845039,1.57287E+15,,0.012845039,6.21142E-10,,0.012845039,1.57889E-12
0.01334446,4.92522E+15,,0.01334446,6.21191E-10,,0.01334446,4.94527E-12
0.013882906,1.54259E+16,,0.013882906,6.21228E-10,,0.013882906,1.54915E-11
0.014464859,4.83031E+16,,0.014464859,6.21264E-10,,0.014464859,4.85169E-11
0.015095671,1.51211E+17,,0.015095671,6.21303E-10,,0.015095671,1.51908E-10
0.01578159,4.73215E+17,,0.01578159,6.21346E-10,,0.01578159,4.75497E-10
0.016529947,1.48046E+18,,0.016529947,6.21395E-10,,0.016529947,1.48794E-09
0.017349408,4.63003E+18,,0.017349408,6.2145E-10,,0.017349408,4.65469E-09
0.018250279,1.4475E+19,,0.018250279,6.21513E-10,,0.018250279,1.45565E-08
0.019244906,4.52361E+19,,0.019244906,6.21586E-10,,0.019244906,4.55069E-08
0.020348203,1.41312E+20,,0.020348203,6.2167E-10,,0.020348203,1.42216E-07
0.021578333,4.41251E+20,,0.021578333,6.21771E-10,,0.021578333,4.44289E-07
0.022957635,1.37718E+21,,0.022957635,6.21891E-10,,0.022957635,1.38747E-06
0.024513885,4.29607E+21,,0.024513885,6.2204E-10,,0.024513885,4.33127E-06
0.026282076,1.33931E+22,,0.026282076,6.22215E-10,,0.026282076,1.35142E-05
0.028307074,4.17113E+22,,0.028307074,6.22462E-10,,0.028307074,4.21387E-05
0.030647978,1.29671E+23,,0.030647978,6.22796E-10,,0.030647978,0.000131211
0.032367812,2.68778E+23,,0.032367812,6.23523E-10,,0.032367812,0.000272923
0.033289786,3.84003E+23,,0.033289786,6.24187E-10,,0.033289786,0.000391172
0.034536554,6.01376E+23,,0.034536554,6.25174E-10,,0.034536554,0.000615514
0.035431682,8.11062E+23,,0.035431682,6.25969E-10,,0.035431682,0.0008333
0.036461721,1.11855E+24,,0.036461721,6.26993E-10,,0.036461721,0.00115487
0.037525425,1.52074E+24,,0.037525425,6.28208E-10,,0.037525425,0.001579255
0.038584217,2.01521E+24,,0.038584217,6.29591E-10,,0.038584217,0.002106614
0.039627783,2.59935E+24,,0.039627783,6.31155E-10,,0.039627783,0.002737553
0.040657396,3.27019E+24,,0.040657396,6.32908E-10,,0.040657396,0.003472839
0.04167891,4.0243E+24,,0.04167891,6.34859E-10,,0.04167891,0.004313308
0.042699963,4.85807E+24,,0.042699963,6.36999E-10,,0.042699963,0.005259797
0.043728898,5.76638E+24,,0.043728898,6.39371E-10,,0.043728898,0.006313221
0.044774436,6.74467E+24,,0.044774436,6.41966E-10,,0.044774436,0.007474558
0.045845651,7.78758E+24,,0.045845651,6.44792E-10,,0.045845651,0.008744788
0.046952076,8.88936E+24,,0.046952076,6.47854E-10,,0.046952076,0.010124921
0.048103894,1.00439E+25,,0.048103894,6.51161E-10,,0.048103894,0.011615977
0.049232103,1.11671E+25,,0.049232103,6.54453E-10,,0.049232103,0.013111862
0.050429582,1.23334E+25,,0.050429582,6.58028E-10,,0.050429582,0.01471988
0.051627368,1.34634E+25,,0.051627368,6.6162E-10,,0.051627368,0.016333105
0.052835259,1.45576E+25,,0.052835259,6.65229E-10,,0.052835259,0.017951126
0.0541439,1.56842E+25,,0.0541439,6.69109E-10,,0.0541439,0.019680707
0.055481592,1.67756E+25,,0.055481592,6.72954E-10,,0.055481592,0.02141531
0.056855912,1.78234E+25,,0.056855912,6.76861E-10,,0.056855912,0.023151428
0.058183274,1.87741E+25,,0.058183274,6.80502E-10,,0.058183274,0.024782019
0.059553784,1.96921E+25,,0.059553784,6.84139E-10,,0.059553784,0.0264128
0.060971711,2.05739E+25,,0.060971711,6.87794E-10,,0.060971711,0.028040092
0.062441758,2.1425E+25,,0.062441758,6.91411E-10,,0.062441758,0.02966325
0.06396726,2.22496E+25,,0.06396726,6.94983E-10,,0.06396726,0.031284733
0.065552221,2.30355E+25,,0.065552221,6.98573E-10,,0.065552221,0.032894298
0.067087533,2.37507E+25,,0.067087533,7.01826E-10,,0.067087533,0.034391702
0.068678872,2.44319E+25,,0.068678872,7.05076E-10,,0.068678872,0.035871857
0.070328445,2.5082E+25,,0.070328445,7.08315E-10,,0.070328445,0.037336281
0.072035985,2.57264E+25,,0.072035985,7.11371E-10,,0.072035985,0.038793228
0.073802243,2.63243E+25,,0.073802243,7.1449E-10,,0.073802243,0.040219327
0.075627207,2.68974E+25,,0.075627207,7.17525E-10,,0.075627207,0.041620812
0.077509874,2.74367E+25,,0.077509874,7.20539E-10,,0.077509874,0.042992493
0.07944541,2.79962E+25,,0.07944541,7.23206E-10,,0.07944541,0.044358091
0.081432464,2.84884E+25,,0.081432464,7.2603E-10,,0.081432464,0.045668709
0.083467609,2.89439E+25,,0.083467609,7.28839E-10,,0.083467609,0.046939771
0.085545386,2.93706E+25,,0.085545386,7.31584E-10,,0.085545386,0.048171903
0.087661081,2.97582E+25,,0.087661081,7.34328E-10,,0.087661081,0.049358821
0.089806389,3.0177E+25,,0.089806389,7.36674E-10,,0.089806389,0.050534851
0.091976256,3.04998E+25,,0.091976256,7.39362E-10,,0.091976256,0.051636521
0.09416422,3.07834E+25,,0.09416422,7.42073E-10,,0.09416422,0.05269216
0.096365595,3.10282E+25,,0.096365595,7.44815E-10,,0.096365595,0.053701999
0.098731178,3.12548E+25,,0.098731178,7.47768E-10,,0.098731178,0.05474017
0.101097576,3.14303E+25,,0.101097576,7.50833E-10,,0.101097576,0.055727301
0.103459743,3.15592E+25,,0.103459743,7.54003E-10,,0.103459743,0.056667455
0.105967192,3.16688E+25,,0.105967192,7.57394E-10,,0.105967192,0.057634892
0.108460482,3.17217E+25,,0.108460482,7.60976E-10,,0.108460482,0.058554165
0.111092976,3.17444E+25,,0.111092976,7.6485E-10,,0.111092976,0.059495403
0.113707287,3.17171E+25,,0.113707287,7.68912E-10,,0.113707287,0.060396565
0.116452589,3.16692E+25,,0.116452589,7.73239E-10,,0.116452589,0.061329234
0.119184414,3.15651E+25,,0.119184414,7.77824E-10,,0.119184414,0.062221429
0.122046605,3.14296E+25,,0.122046605,7.82769E-10,,0.122046605,0.063143331
0.124898753,3.12534E+25,,0.124898753,7.87923E-10,,0.124898753,0.064037769
0.12790274,3.10645E+25,,0.12790274,7.9333E-10,,0.12790274,0.064970226
0.130901201,3.0482E+25,,0.130901201,8.01322E-10,,0.130901201,0.065698161
0.134054899,3.02002E+25,,0.134054899,8.07599E-10,,0.134054899,0.066632345
0.13723462,2.99317E+25,,0.13723462,8.13784E-10,,0.13723462,0.067568991
0.140436882,2.96122E+25,,0.140436882,8.20347E-10,,0.140436882,0.068478194
0.143829633,2.89268E+25,,0.143829633,8.29864E-10,,0.143829633,0.069248481
0.14933425,2.84644E+25,,0.14933425,8.40494E-10,,0.14933425,0.0707936
0.152879244,2.77541E+25,,0.152879244,8.50599E-10,,0.152879244,0.071546864
0.156507785,2.74E+25,,0.156507785,8.57942E-10,,0.156507785,0.072479081
0.16021403,2.68819E+25,,0.16021403,8.66757E-10,,0.16021403,0.073323032
0.164018726,2.63645E+25,,0.164018726,8.75707E-10,,0.164018726,0.074162442
0.16793111,2.58743E+25,,0.16793111,8.84538E-10,,0.16793111,0.07500774
0.171960727,2.53915E+25,,0.171960727,8.93416E-10,,0.171960727,0.075846896
0.176114418,2.49411E+25,,0.176114418,9.02088E-10,,0.176114418,0.076692134
0.180397464,2.45018E+25,,0.180397464,9.10745E-10,,0.180397464,0.07753127
0.184624003,2.40656E+25,,0.184624003,9.19268E-10,,0.184624003,0.078308848
0.188984812,2.35357E+25,,0.188984812,9.28922E-10,,0.188984812,0.079023005
0.193474803,2.31556E+25,,0.193474803,9.37043E-10,,0.193474803,0.079803866
0.198098501,2.27916E+25,,0.198098501,9.45034E-10,,0.198098501,0.080576131
0.20287375,2.23471E+25,,0.20287375,9.54045E-10,,0.20287375,0.081286286
0.207789806,2.20312E+25,,0.207789806,9.6157E-10,,0.207789806,0.082048241
0.212854724,2.16241E+25,,0.212854724,9.70279E-10,,0.212854724,0.082739938
0.217814548,2.13409E+25,,0.217814548,9.7728E-10,,0.217814548,0.083437253
0.222900644,2.10634E+25,,0.222900644,9.84216E-10,,0.222900644,0.084117692
0.228115118,2.07037E+25,,0.228115118,9.92305E-10,,0.228115118,0.084736757
0.233453073,2.04616E+25,,0.233453073,9.98798E-10,,0.233453073,0.085400638
0.23891784,2.01345E+25,,0.23891784,1.00652E-09,,0.23891784,0.086000933
0.244494278,1.99053E+25,,0.244494278,1.01285E-09,,0.244494278,0.086633645
0.25019376,1.96058E+25,,0.25019376,1.02024E-09,,0.25019376,0.087211836
0.256295168,1.93253E+25,,0.256295168,1.02752E-09,,0.256295168,0.087818078
0.262518986,1.90568E+25,,0.262518986,1.03464E-09,,0.262518986,0.088410903
0.268857478,1.87959E+25,,0.268857478,1.04166E-09,,0.268857478,0.088988159
0.275309838,1.85273E+25,,0.275309838,1.04885E-09,,0.275309838,0.089545197
0.281869163,1.82877E+25,,0.281869163,1.05559E-09,,0.281869163,0.090101289
0.288536147,1.81112E+25,,0.288536147,1.06125E-09,,0.288536147,0.090674517
0.295307596,1.78586E+25,,0.295307596,1.06826E-09,,0.295307596,0.091192994
0.302510112,1.76286E+25,,0.302510112,1.07502E-09,,0.302510112,0.091738976
0.309830189,1.73216E+25,,0.309830189,1.08326E-09,,0.309830189,0.092229251
0.317261059,1.70882E+25,,0.317261059,1.09019E-09,,0.317261059,0.09274626
0.324803521,1.68546E+25,,0.324803521,1.0972E-09,,0.324803521,0.093252292
0.332468329,1.66434E+25,,0.332468329,1.1038E-09,,0.332468329,0.093756585
0.340248653,1.6378E+25,,0.340248653,1.11157E-09,,0.340248653,0.094223217
0.348513184,1.61422E+25,,0.348513184,1.11893E-09,,0.348513184,0.094723717
0.356911386,1.58713E+25,,0.356911386,1.12713E-09,,0.356911386,0.095196817
0.365460745,1.56323E+25,,0.365460745,1.13475E-09,,0.365460745,0.095677898
0.374161781,1.53517E+25,,0.374161781,1.14341E-09,,0.374161781,0.09612891
0.383026746,1.51122E+25,,0.383026746,1.15128E-09,,0.383026746,0.096595063
0.392060476,1.48312E+25,,0.392060476,1.16025E-09,,0.392060476,0.097032745
0.401276119,1.45779E+25,,0.401276119,1.16872E-09,,0.401276119,0.097479582
0.410691972,1.43306E+25,,0.410691972,1.17719E-09,,0.410691972,0.097923767
0.420312978,1.40444E+25,,0.420312978,1.18681E-09,,0.420312978,0.098342109
0.430160125,1.37952E+25,,0.430160125,1.19567E-09,,0.430160125,0.098775127
0.440238298,1.35161E+25,,0.440238298,1.20551E-09,,0.440238298,0.099187354
0.450576162,1.32604E+25,,0.450576162,1.21492E-09,,0.450576162,0.099605982
0.46118047,1.29907E+25,,0.46118047,1.22493E-09,,0.46118047,0.100013008
0.47207267,1.27477E+25,,0.47207267,1.23437E-09,,0.47207267,0.100428636
0.483267474,1.24799E+25,,0.483267474,1.24477E-09,,0.483267474,0.100824566
0.494782432,1.22187E+25,,0.494782432,1.25521E-09,,0.494782432,0.101218946
0.506638451,1.19822E+25,,0.506638451,1.26508E-09,,0.506638451,0.101619892
0.518846782,1.17132E+25,,0.518846782,1.27626E-09,,0.518846782,0.101996776
0.53142476,1.14971E+25,,0.53142476,1.28588E-09,,0.53142476,0.102395061
0.543821953,1.12571E+25,,0.543821953,1.29645E-09,,0.543821953,0.102750543
0.556584989,1.10259E+25,,0.556584989,1.30695E-09,,0.556584989,0.10310461
0.569727963,1.08189E+25,,0.569727963,1.31676E-09,,0.569727963,0.103463697
0.588924713,1.05302E+25,,0.588924713,1.3308E-09,,0.588924713,0.103958822
0.603033181,1.03188E+25,,0.603033181,1.34127E-09,,0.603033181,0.104296313
0.617559529,1.01253E+25,,0.617559529,1.35122E-09,,0.617559529,0.104635342
0.6325165,9.93296E+24,,0.6325165,1.36133E-09,,0.6325165,0.104966958
0.647911798,9.74852E+24,,0.647911798,1.37128E-09,,0.647911798,0.105293888
0.663021715,9.58782E+24,,0.663021715,1.38026E-09,,0.663021715,0.105606296
0.678539449,9.41795E+24,,0.678539449,1.38982E-09,,0.678539449,0.105906204
0.694474155,9.25217E+24,,0.694474155,1.39937E-09,,0.694474155,0.106200439
0.710826438,9.09528E+24,,0.710826438,1.40865E-09,,0.710826438,0.106491729
0.727604856,8.9443E+24,,0.727604856,1.4178E-09,,0.727604856,0.106778561
0.744812995,8.79909E+24,,0.744812995,1.42681E-09,,0.744812995,0.107060428
0.762449689,8.65518E+24,,0.762449689,1.43591E-09,,0.762449689,0.107335785
0.780522441,8.51949E+24,,0.780522441,1.44471E-09,,0.780522441,0.107607807
0.799025661,8.38468E+24,,0.799025661,1.4536E-09,,0.799025661,0.107872851
0.817962907,8.25853E+24,,0.817962907,1.46215E-09,,0.817962907,0.108135871
0.837347186,8.13127E+24,,0.837347186,1.4709E-09,,0.837347186,0.108391454
0.857183543,8.00395E+24,,0.857183543,1.47979E-09,,0.857183543,0.108640441
0.877472602,7.87971E+24,,0.877472602,1.48864E-09,,0.877472602,0.108884578
0.898222457,7.76597E+24,,0.898222457,1.49699E-09,,0.898222457,0.109128644
0.91943931,7.64805E+24,,0.91943931,1.50573E-09,,0.91943931,0.109364759
0.941139361,7.53364E+24,,0.941139361,1.51438E-09,,0.941139361,0.109596635
0.963319957,7.42222E+24,,0.963319957,1.52298E-09,,0.963319957,0.109825148
0.986000099,7.31516E+24,,0.986000099,1.53142E-09,,0.986000099,0.110050475
1.009191197,7.2048E+24,,1.009191197,1.54022E-09,,1.009191197,0.110269529
1.032896114,7.10259E+24,,1.032896114,1.54859E-09,,1.032896114,0.110488522
1.057129981,6.99695E+24,,1.057129981,1.55734E-09,,1.057129981,0.110700003
1.081906498,6.89557E+24,,1.081906498,1.56593E-09,,1.081906498,0.11091025
1.107249773,6.79003E+24,,1.107249773,1.57496E-09,,1.107249773,0.111114439
1.133179297,6.69042E+24,,1.133179297,1.58371E-09,,1.133179297,0.111318035
1.159719452,6.59359E+24,,1.159719452,1.59238E-09,,1.159719452,0.111519702
1.186892521,6.49424E+24,,1.186892521,1.6014E-09,,1.186892521,0.111716732
1.214728103,6.39541E+24,,1.214728103,1.61054E-09,,1.214728103,0.111910923
1.2432511,6.29903E+24,,1.2432511,1.61964E-09,,1.2432511,0.112103296
1.27249052,6.20465E+24,,1.27249052,1.62873E-09,,1.27249052,0.112293658
1.302468607,6.10872E+24,,1.302468607,1.63812E-09,,1.302468607,0.112480396
1.333229825,6.01334E+24,,1.333229825,1.64764E-09,,1.333229825,0.112664821
1.364810888,5.92007E+24,,1.364810888,1.65714E-09,,1.364810888,0.112847735
1.397244683,5.82808E+24,,1.397244683,1.66671E-09,,1.397244683,0.113029446
1.430584036,5.73646E+24,,1.430584036,1.67642E-09,,1.430584036,0.11320872
1.464871778,5.64461E+24,,1.464871778,1.68634E-09,,1.464871778,0.113385252
1.500146088,5.55624E+24,,1.500146088,1.69611E-09,,1.500146088,0.113561941
1.536470102,5.46708E+24,,1.536470102,1.70615E-09,,1.536470102,0.113735749
1.573889452,5.37963E+24,,1.573889452,1.71621E-09,,1.573889452,0.113908047
1.61059451,5.2964E+24,,1.61059451,1.72597E-09,,1.61059451,0.114070229
1.648395909,5.21074E+24,,1.648395909,1.73619E-09,,1.648395909,0.114229465
1.687347362,5.13114E+24,,1.687347362,1.74594E-09,,1.687347362,0.114389828
1.727504266,5.05268E+24,,1.727504266,1.75574E-09,,1.727504266,0.114548091
1.768905526,4.97324E+24,,1.768905526,1.76584E-09,,1.768905526,0.114704059
1.811621632,4.89589E+24,,1.811621632,1.77589E-09,,1.811621632,0.114858832
1.855687311,4.82081E+24,,1.855687311,1.78585E-09,,1.855687311,0.115011993
1.901161443,4.7463E+24,,1.901161443,1.79593E-09,,1.901161443,0.115163318
1.945724947,4.67752E+24,,1.945724947,1.80544E-09,,1.945724947,0.115306707
2.011487275,4.57963E+24,,2.011487275,1.81927E-09,,2.011487275,0.115507706
2.059560245,4.51457E+24,,2.059560245,1.8287E-09,,2.059560245,0.115647346
2.109143381,4.44879E+24,,2.109143381,1.8384E-09,,2.109143381,0.115784145
2.16029413,4.38408E+24,,2.16029413,1.84812E-09,,2.16029413,0.115920298
2.213105225,4.3221E+24,,2.213105225,1.85764E-09,,2.213105225,0.116056451
2.264733544,4.26298E+24,,2.264733544,1.86687E-09,,2.264733544,0.116182537
2.317948063,4.20739E+24,,2.317948063,1.87572E-09,,2.317948063,0.116307374
2.372767211,4.15113E+24,,2.372767211,1.88483E-09,,2.372767211,0.116431056
2.429300814,4.09472E+24,,2.429300814,1.89411E-09,,2.429300814,0.116553743
2.487642973,4.04088E+24,,2.487642973,1.90315E-09,,2.487642973,0.116676548
2.547854201,3.98773E+24,,2.547854201,1.91222E-09,,2.547854201,0.116796273
2.609940103,3.93547E+24,,2.609940103,1.92129E-09,,2.609940103,0.11691395
2.673952337,3.88428E+24,,2.673952337,1.93034E-09,,2.673952337,0.117031306
2.736281453,3.83507E+24,,2.736281453,1.93917E-09,,2.736281453,0.117141335
2.800542904,3.7889E+24,,2.800542904,1.94763E-09,,2.800542904,0.117252383
2.86685998,3.74108E+24,,2.86685998,1.95649E-09,,2.86685998,0.117360381
2.935239511,3.69614E+24,,2.935239511,1.96499E-09,,2.935239511,0.117467706
3.005752536,3.65054E+24,,3.005752536,1.97373E-09,,3.005752536,0.117574147
3.078509684,3.60576E+24,,3.078509684,1.98247E-09,,3.078509684,0.117680492
3.15362814,3.56105E+24,,3.15362814,1.99133E-09,,3.15362814,0.117786469
3.231257318,3.51514E+24,,3.231257318,2.00055E-09,,3.231257318,0.117891097
3.306728761,3.47349E+24,,3.306728761,2.00908E-09,,3.306728761,0.117990008
3.384665611,3.43267E+24,,3.384665611,2.01757E-09,,3.384665611,0.118089205
3.465224494,3.38972E+24,,3.465224494,2.02662E-09,,3.465224494,0.118187196
3.548562399,3.34847E+24,,3.548562399,2.03548E-09,,3.548562399,0.118286409
3.634879793,3.30621E+24,,3.634879793,2.04468E-09,,3.634879793,0.118385345
3.724342972,3.26542E+24,,3.724342972,2.05373E-09,,3.724342972,0.118483621
3.811191528,3.22594E+24,,3.811191528,2.06262E-09,,3.811191528,0.118576845
3.901197125,3.18668E+24,,3.901197125,2.07159E-09,,3.901197125,0.118670216
3.994579127,3.14604E+24,,3.994579127,2.08103E-09,,3.994579127,0.118764776
4.091683784,3.10567E+24,,4.091683784,2.09057E-09,,4.091683784,0.118860939
4.192867291,3.06423E+24,,4.192867291,2.10053E-09,,4.192867291,0.118958715
4.291354858,3.02525E+24,,4.291354858,2.11006E-09,,4.291354858,0.119051735
4.394146699,2.98553E+24,,4.394146699,2.11994E-09,,4.394146699,0.119146289
4.501655113,2.94576E+24,,4.501655113,2.13001E-09,,4.501655113,0.119242744
4.61431042,2.90561E+24,,4.61431042,2.14036E-09,,4.61431042,0.119340743
4.723996185,2.86735E+24,,4.723996185,2.15041E-09,,4.723996185,0.119434731
4.839216604,2.82784E+24,,4.839216604,2.16095E-09,,4.839216604,0.119530814
4.960588491,2.78739E+24,,4.960588491,2.17196E-09,,4.960588491,0.119630145
5.078772549,2.74928E+24,,5.078772549,2.18252E-09,,5.078772549,0.119725141
5.203622974,2.71041E+24,,5.203622974,2.19351E-09,,5.203622974,0.11982393
5.336094535,2.6697E+24,,5.336094535,2.20524E-09,,5.336094535,0.119926645
5.465186331,2.63118E+24,,5.465186331,2.21655E-09,,5.465186331,0.120025241
5.602728683,2.59156E+24,,5.602728683,2.22843E-09,,5.602728683,0.120129214
5.736277243,2.55452E+24,,5.736277243,2.23977E-09,,5.736277243,0.120228737
6.001383237,2.48352E+24,,6.001383237,2.26212E-09,,6.001383237,0.120420674
6.148358862,2.4462E+24,,6.148358862,2.27422E-09,,6.148358862,0.120525994
6.307404206,2.40659E+24,,6.307404206,2.28735E-09,,6.307404206,0.120639354
6.461026691,2.36906E+24,,6.461026691,2.30006E-09,,6.461026691,0.120748644
6.627950564,2.32977E+24,,6.627950564,2.31367E-09,,6.627950564,0.120866829
6.802173979,2.29028E+24,,6.802173979,2.32767E-09,,6.802173979,0.120988484
6.982758362,2.24979E+24,,6.982758362,2.34236E-09,,6.982758362,0.121113962
7.16284655,2.21123E+24,,7.16284655,2.35671E-09,,7.16284655,0.121238632
7.352677525,2.17056E+24,,7.352677525,2.37221E-09,,7.352677525,0.121371752
7.546693812,2.13078E+24,,7.546693812,2.38778E-09,,7.546693812,0.12150925
7.724222354,2.09553E+24,,7.724222354,2.40193E-09,,7.724222354,0.12163661
7.908322487,2.06017E+24,,7.908322487,2.41647E-09,,7.908322487,0.121768696
8.095210578,2.02542E+24,,8.095210578,2.43109E-09,,8.095210578,0.121901259
8.284542507,1.99136E+24,,8.284542507,2.44577E-09,,8.284542507,0.122035783
8.479007734,1.95751E+24,,8.479007734,2.46072E-09,,8.479007734,0.122174813
8.677646629,1.92366E+24,,8.677646629,2.47604E-09,,8.677646629,0.122317537
8.881477,1.88964E+24,,8.881477,2.49181E-09,,8.881477,0.122465044
9.089836034,1.85594E+24,,9.089836034,2.50784E-09,,9.089836034,0.122618014
9.301704368,1.82224E+24,,9.301704368,2.52429E-09,,9.301704368,0.122775981
9.519056195,1.78864E+24,,9.519056195,2.54113E-09,,9.519056195,0.122940063
9.771810672,1.75084E+24,,9.771810672,2.56062E-09,,9.771810672,0.123131618
10.00029437,1.71776E+24,,10.00029437,2.57816E-09,,10.00029437,0.123305179
10.26712132,1.68084E+24,,10.26712132,2.59831E-09,,10.26712132,0.1235061
10.50671117,1.64896E+24,,10.50671117,2.61621E-09,,10.50671117,0.123684902
10.77457702,1.61427E+24,,10.77457702,2.63621E-09,,10.77457702,0.123881473
11.04947558,1.58034E+24,,11.04947558,2.65638E-09,,11.04947558,0.124081824
11.33089382,1.54657E+24,,11.33089382,2.67701E-09,,11.33089382,0.124282439
11.60740157,1.51415E+24,,11.60740157,2.69739E-09,,11.60740157,0.124476385
11.89201374,1.48146E+24,,11.89201374,2.71853E-09,,11.89201374,0.124675259
12.17961904,1.44888E+24,,12.17961904,2.74022E-09,,12.17961904,0.124875806
12.47023878,1.41665E+24,,12.47023878,2.76235E-09,,12.47023878,0.125079632
12.76676516,1.38402E+24,,12.76676516,2.78543E-09,,12.76676516,0.125288394
13.06440934,1.35238E+24,,13.06440934,2.80855E-09,,13.06440934,0.125497403
13.40362416,1.31671E+24,,13.40362416,2.83547E-09,,13.40362416,0.125734378
13.74898706,1.28164E+24,,13.74898706,2.86292E-09,,13.74898706,0.125974558
14.09220694,1.24768E+24,,14.09220694,2.89046E-09,,14.09220694,0.126210469
14.42952948,1.21509E+24,,14.42952948,2.91785E-09,,14.42952948,0.126440528
14.78152751,1.18214E+24,,14.78152751,2.94656E-09,,14.78152751,0.126679456
15.16090156,1.14741E+24,,15.16090156,2.97798E-09,,15.16090156,0.126932541
15.55206708,1.11217E+24,,15.55206708,3.01118E-09,,15.55206708,0.127194732
15.94762317,1.07654E+24,,15.94762317,3.04618E-09,,15.94762317,0.127463523
16.50962589,1.02715E+24,,16.50962589,3.09739E-09,,16.50962589,0.127853129
16.91909281,9.92791E+23,,16.91909281,3.13505E-09,,16.91909281,0.128139202
17.33757262,9.58396E+23,,17.33757262,3.17453E-09,,17.33757262,0.128431738
17.76754373,9.24632E+23,,17.76754373,3.21521E-09,,17.76754373,0.128731851
18.20144394,8.92129E+23,,18.20144394,3.25631E-09,,18.20144394,0.12903088
18.64551517,8.6016E+23,,18.64551517,3.29873E-09,,18.64551517,0.129332443
19.10208206,8.28815E+23,,19.10208206,3.34243E-09,,19.10208206,0.129638651
19.57136077,7.98016E+23,,19.57136077,3.3876E-09,,19.57136077,0.129950616
20.05900333,7.6776E+23,,20.05900333,3.43434E-09,,20.05900333,0.130269806
20.56098185,7.38345E+23,,20.56098185,3.4822E-09,,20.56098185,0.130590059
21.08421334,7.09869E+23,,21.08421334,3.53107E-09,,21.08421334,0.130914284
21.62631954,6.82358E+23,,21.62631954,3.58085E-09,,21.62631954,0.131238024
22.13507342,6.58356E+23,,22.13507342,3.62654E-09,,22.13507342,0.131531081
22.6552495,6.35362E+23,,22.6552495,3.67245E-09,,22.6552495,0.131818496
23.20018698,6.13143E+23,,23.20018698,3.719E-09,,23.20018698,0.132107929
23.7707926,5.91341E+23,,23.7707926,3.7669E-09,,23.7707926,0.132397481
24.36608774,5.70307E+23,,24.36608774,3.81542E-09,,24.36608774,0.132685294
24.98761112,5.50175E+23,,24.98761112,3.86416E-09,,24.98761112,0.132970442
25.63934449,5.30656E+23,,25.63934449,3.91373E-09,,25.63934449,0.133252511
26.24038627,5.14062E+23,,26.24038627,3.95784E-09,,26.24038627,0.133498806
26.85715507,4.98199E+23,,26.85715507,4.0018E-09,,26.85715507,0.133739087
27.49549475,4.82811E+23,,27.49549475,4.04626E-09,,27.49549475,0.133976386
28.15738852,4.67819E+23,,28.15738852,4.09142E-09,,28.15738852,0.134211193
28.84417037,4.53318E+23,,28.84417037,4.13698E-09,,28.84417037,0.13444377
29.55141229,4.39389E+23,,29.55141229,4.18261E-09,,29.55141229,0.134672568
30.28768882,4.25785E+23,,30.28768882,4.22907E-09,,30.28768882,0.134900603
31.0477816,4.12681E+23,,31.0477816,4.27574E-09,,31.0477816,0.135125697
31.82837935,3.99967E+23,,31.82837935,4.32293E-09,,31.82837935,0.1353467
32.63942578,3.87665E+23,,32.63942578,4.37055E-09,,32.63942578,0.135567311
33.47974852,3.75652E+23,,33.47974852,4.41904E-09,,33.47974852,0.135786441
34.34459126,3.64104E+23,,34.34459126,4.46763E-09,,34.34459126,0.136002359
35.24112508,3.5285E+23,,35.24112508,4.51701E-09,,35.24112508,0.136217182
36.15362945,3.42119E+23,,36.15362945,4.56609E-09,,36.15362945,0.13642621
37.11568189,3.31515E+23,,37.11568189,4.61665E-09,,37.11568189,0.136638183
38.10274742,3.21367E+23,,38.10274742,4.6671E-09,,38.10274742,0.136846
39.77514019,3.05498E+23,,39.77514019,4.7504E-09,,39.77514019,0.13717893
40.71503953,2.97305E+23,,40.71503953,4.7957E-09,,40.71503953,0.137356254
41.68558883,2.89285E+23,,41.68558883,4.84169E-09,,41.68558883,0.137532464
42.67950476,2.81525E+23,,42.67950476,4.88783E-09,,42.67950476,0.137706234
43.7059635,2.73972E+23,,43.7059635,4.9344E-09,,43.7059635,0.137879314
44.76515111,2.66606E+23,,44.76515111,4.98151E-09,,44.76515111,0.138051245
45.84797138,2.59501E+23,,45.84797138,5.02861E-09,,45.84797138,0.138220116
46.9674159,2.52561E+23,,46.9674159,5.07632E-09,,46.9674159,0.13838853
48.11192481,2.45809E+23,,48.11192481,5.12442E-09,,48.11192481,0.13855418
49.29634874,2.39278E+23,,49.29634874,5.17268E-09,,49.29634874,0.138719777
50.50825903,2.32907E+23,,50.50825903,5.22146E-09,,50.50825903,0.138882431
51.76787212,2.26663E+23,,51.76787212,5.27104E-09,,51.76787212,0.139045822
53.05904569,2.20596E+23,,53.05904569,5.32098E-09,,53.05904569,0.139206748
54.38007285,2.14771E+23,,54.38007285,5.37069E-09,,54.38007285,0.139365588
55.75346612,2.09017E+23,,55.75346612,5.42159E-09,,55.75346612,0.139524758
57.14943501,2.03461E+23,,57.14943501,5.47253E-09,,57.14943501,0.139680179
58.60023576,1.98049E+23,,58.60023576,5.52399E-09,,58.60023576,0.139836475
60.10242173,1.92728E+23,,60.10242173,5.57644E-09,,60.10242173,0.139992497
61.62174361,1.87588E+23,,61.62174361,5.62894E-09,,61.62174361,0.140144158
63.19046317,1.82605E+23,,63.19046317,5.68174E-09,,63.19046317,0.140295675
64.80809013,1.77745E+23,,64.80809013,5.73511E-09,,64.80809013,0.140446697
66.47370138,1.73E+23,,66.47370138,5.78913E-09,,66.47370138,0.140596284
68.1873787,1.68391E+23,,68.1873787,5.84352E-09,,68.1873787,0.14074486
69.94713118,1.63916E+23,,69.94713118,5.89827E-09,,69.94713118,0.140891637
71.74284258,1.59555E+23,,71.74284258,5.95356E-09,,71.74284258,0.141035834
73.59786073,1.55342E+23,,73.59786073,6.00896E-09,,73.59786073,0.14118009
75.51103172,1.51189E+23,,75.51103172,6.06553E-09,,75.51103172,0.141323406
77.48233496,1.47167E+23,,77.48233496,6.12235E-09,,77.48233496,0.141465863
79.49933709,1.43287E+23,,79.49933709,6.17916E-09,,79.49933709,0.141605995
81.58276743,1.39477E+23,,81.58276743,6.23696E-09,,81.58276743,0.14174592
83.71580535,1.3578E+23,,83.71580535,6.29511E-09,,83.71580535,0.141884028
87.50994108,1.29674E+23,,87.50994108,6.3959E-09,,87.50994108,0.142117792
89.81717631,1.2624E+23,,89.81717631,6.45544E-09,,89.81717631,0.142253189
92.19147194,1.2289E+23,,92.19147194,6.51563E-09,,92.19147194,0.142387829
94.60389695,1.1966E+23,,94.60389695,6.57575E-09,,94.60389695,0.142518858
97.10353571,1.16494E+23,,97.10353571,6.63684E-09,,97.10353571,0.14265079
99.66086795,1.13429E+23,,99.66086795,6.69811E-09,,99.66086795,0.142780263
102.3130149,1.10424E+23,,102.3130149,6.76037E-09,,102.3130149,0.142910166
105.0480709,1.075E+23,,105.0480709,6.82317E-09,,105.0480709,0.143039492
107.8338418,1.04665E+23,,107.8338418,6.88626E-09,,107.8338418,0.143166082
110.7255194,1.01884E+23,,110.7255194,6.95041E-09,,110.7255194,0.14329322
113.6795035,9.91917E+22,,113.6795035,7.01477E-09,,113.6795035,0.143417998
116.7198327,9.65866E+22,,116.7198327,7.07932E-09,,116.7198327,0.143542177
119.8323161,9.40362E+22,,119.8323161,7.14478E-09,,119.8323161,0.143664492
123.0533179,9.15652E+22,,123.0533179,7.21052E-09,,123.0533179,0.143787102
126.3327876,8.9146E+22,,126.3327876,7.27719E-09,,126.3327876,0.143906991
129.7397462,8.67834E+22,,129.7397462,7.34469E-09,,129.7397462,0.144027596
133.2375249,8.44844E+22,,133.2375249,7.41276E-09,,133.2375249,0.144146832
136.8297827,8.22568E+22,,136.8297827,7.48113E-09,,136.8297827,0.144265078
140.4571426,8.01154E+22,,140.4571426,7.5492E-09,,140.4571426,0.144379916
144.2347218,7.80187E+22,,144.2347218,7.61827E-09,,144.2347218,0.144496088
148.1259251,7.59611E+22,,148.1259251,7.68848E-09,,148.1259251,0.144611094
152.1321152,7.39643E+22,,152.1321152,7.7591E-09,,152.1321152,0.144725327
156.2185226,7.2026E+22,,156.2185226,7.83011E-09,,156.2185226,0.14483762
160.4220773,7.01367E+22,,160.4220773,7.90182E-09,,160.4220773,0.144949136
164.7157722,6.83004E+22,,164.7157722,7.97402E-09,,164.7157722,0.145058697
168.965254,6.65722E+22,,168.965254,8.04436E-09,,168.965254,0.145163146
173.5417648,6.48288E+22,,173.5417648,8.11789E-09,,173.5417648,0.145273493
178.1995671,6.31424E+22,,178.1995671,8.19154E-09,,178.1995671,0.14538034
183.0380013,6.1479E+22,,183.0380013,8.2668E-09,,183.0380013,0.145488389
187.9999569,5.98648E+22,,187.9999569,8.34248E-09,,187.9999569,0.145594848
193.0292964,5.82927E+22,,193.0292964,8.41882E-09,,193.0292964,0.145699082
198.2199875,5.67736E+22,,198.2199875,8.49528E-09,,198.2199875,0.145803357
203.5635075,5.52809E+22,,203.5635075,8.57309E-09,,203.5635075,0.145907171
208.317793,5.40213E+22,,208.317793,8.64098E-09,,208.317793,0.14599656
213.8926421,5.26104E+22,,213.8926421,8.71956E-09,,213.8926421,0.146097772
219.6779797,5.1221E+22,,219.6779797,8.79973E-09,,219.6779797,0.14619928
225.6246879,4.98708E+22,,225.6246879,8.88048E-09,,225.6246879,0.146300058
230.9368373,4.87294E+22,,230.9368373,8.95107E-09,,230.9368373,0.146387608
237.1320614,4.74567E+22,,237.1320614,9.0324E-09,,237.1320614,0.146485828
243.4818505,4.62128E+22,,243.4818505,9.11472E-09,,243.4818505,0.146582204
249.9106918,4.50297E+22,,249.9106918,9.19586E-09,,249.9106918,0.146677894
256.313661,4.38988E+22,,256.313661,9.27607E-09,,256.313661,0.146768754
263.0921988,4.27787E+22,,263.0921988,9.35834E-09,,263.0921988,0.146863253
269.2572171,4.18077E+22,,269.2572171,9.43201E-09,,269.2572171,0.146945979
276.5889053,4.07055E+22,,276.5889053,9.51843E-09,,276.5889053,0.147040608
283.9800412,3.96427E+22,,283.9800412,9.60473E-09,,283.9800412,0.147131713
290.6227712,3.8744E+22,,290.6227712,9.6802E-09,,290.6227712,0.147213056
298.3669897,3.77366E+22,,298.3669897,9.76758E-09,,298.3669897,0.147302993
305.3938086,3.6878E+22,,305.3938086,9.84458E-09,,305.3938086,0.147383176
313.4218837,3.5926E+22,,313.4218837,9.93274E-09,,313.4218837,0.147470327
321.6156145,3.5015E+22,,321.6156145,1.00201E-08,,321.6156145,0.147557132
330.2486671,3.41064E+22,,330.2486671,1.01103E-08,,330.2486671,0.147646064
337.9848021,3.33336E+22,,337.9848021,1.01896E-08,,337.9848021,0.147723055
346.9032556,3.24754E+22,,346.9032556,1.02806E-08,,346.9032556,0.147807546
356.0371536,3.16453E+22,,356.0371536,1.03717E-08,,356.0371536,0.147891722
365.3764933,3.08441E+22,,365.3764933,1.04627E-08,,365.3764933,0.147975347
375.2904344,3.0039E+22,,375.2904344,1.05574E-08,,375.2904344,0.148061335
385.1070956,2.92752E+22,,385.1070956,1.06504E-08,,385.1070956,0.148142802
395.4554232,2.85156E+22,,395.4554232,1.07461E-08,,395.4554232,0.148225998
406.05408,2.77796E+22,,406.05408,1.08422E-08,,406.05408,0.148308326
415.6521065,2.71489E+22,,415.6521065,1.09273E-08,,415.6521065,0.148381034
426.8876177,2.64398E+22,,426.8876177,1.10261E-08,,426.8876177,0.148461841
436.8798638,2.58426E+22,,436.8798638,1.11122E-08,,436.8798638,0.148532222
447.1652558,2.52585E+22,,447.1652558,1.11989E-08,,447.1652558,0.148601765
457.7702679,2.46837E+22,,457.7702679,1.1287E-08,,457.7702679,0.14867188
468.501119,2.41263E+22,,468.501119,1.13749E-08,,468.501119,0.148739993
479.5535261,2.35833E+22,,479.5535261,1.14633E-08,,479.5535261,0.148807994
490.8851625,2.30489E+22,,490.8851625,1.1553E-08,,490.8851625,0.148875317
502.4755902,2.25295E+22,,502.4755902,1.16428E-08,,502.4755902,0.148942224
514.3459091,2.20208E+22,,514.3459091,1.17336E-08,,514.3459091,0.149008659
526.4868104,2.15245E+22,,526.4868104,1.18248E-08,,526.4868104,0.149074411
538.8959438,2.10425E+22,,538.8959438,1.19162E-08,,538.8959438,0.149139667
551.6925297,2.05674E+22,,551.6925297,1.2009E-08,,551.6925297,0.149205119
564.6145432,2.01081E+22,,564.6145432,1.21014E-08,,564.6145432,0.149268749
577.9774688,1.96565E+22,,577.9774688,1.21951E-08,,577.9774688,0.149332472
591.6826096,1.92121E+22,,591.6826096,1.22902E-08,,591.6826096,0.149395977
605.7076455,1.87812E+22,,605.7076455,1.23852E-08,,605.7076455,0.149458877
620.0809199,1.83581E+22,,620.0809199,1.24814E-08,,620.0809199,0.149521496
634.793582,1.79449E+22,,634.793582,1.25782E-08,,634.793582,0.149583681
649.8353907,1.75422E+22,,649.8353907,1.26755E-08,,649.8353907,0.149645398
665.2773576,1.71459E+22,,665.2773576,1.27741E-08,,665.2773576,0.149706679
680.9484186,1.67626E+22,,680.9484186,1.28725E-08,,680.9484186,0.149766624
697.0130921,1.6389E+22,,697.0130921,1.29713E-08,,697.0130921,0.149826553
713.6381158,1.60172E+22,,713.6381158,1.30726E-08,,713.6381158,0.149886806
730.4391906,1.56603E+22,,730.4391906,1.31729E-08,,730.4391906,0.14994534
747.7206943,1.53083E+22,,747.7206943,1.32748E-08,,747.7206943,0.150003921
765.1692831,1.49693E+22,,765.1692831,1.3376E-08,,765.1692831,0.150061437
783.307888,1.46339E+22,,783.307888,1.34792E-08,,783.307888,0.150119381
801.8906309,1.43075E+22,,801.8906309,1.35826E-08,,801.8906309,0.150177234
820.9097716,1.39858E+22,,820.9097716,1.36877E-08,,820.9097716,0.150234235
840.1768761,1.36742E+22,,840.1768761,1.37926E-08,,840.1768761,0.150289816
859.9212691,1.33699E+22,,859.9212691,1.38982E-08,,859.9212691,0.150345518
880.3426054,1.30704E+22,,880.3426054,1.40053E-08,,880.3426054,0.15040169
901.1965905,1.27758E+22,,901.1965905,1.41139E-08,,901.1965905,0.150457064
922.5511067,1.24905E+22,,922.5511067,1.42222E-08,,922.5511067,0.150512194
944.1554565,1.22127E+22,,944.1554565,1.4331E-08,,944.1554565,0.150565749
966.4473404,1.19388E+22,,966.4473404,1.44415E-08,,966.4473404,0.150619987
992.8132998,1.16313E+22,,992.8132998,1.45696E-08,,992.8132998,0.150681655
1016.240493,1.13719E+22,,1016.240493,1.46813E-08,,1016.240493,0.150734702
1040.295701,1.11169E+22,,1040.295701,1.47944E-08,,1040.295701,0.150787838
1064.766293,1.08699E+22,,1064.766293,1.49073E-08,,1064.766293,0.150840063
1089.825922,1.06267E+22,,1089.825922,1.50219E-08,,1089.825922,0.150891489
1115.487806,1.03911E+22,,1115.487806,1.51364E-08,,1115.487806,0.150942997
1141.63436,1.01593E+22,,1141.63436,1.52523E-08,,1141.63436,0.150993558
1168.359863,9.93349E+21,,1168.359863,1.53687E-08,,1168.359863,0.151044196
1195.898978,9.71263E+21,,1195.898978,1.54861E-08,,1195.898978,0.151094472
1224.215973,9.49576E+21,,1224.215973,1.56048E-08,,1224.215973,0.151145022
1252.897325,9.28355E+21,,1252.897325,1.57245E-08,,1252.897325,0.151194026
1282.390592,9.07584E+21,,1282.390592,1.58453E-08,,1282.390592,0.151243164
1312.662047,8.87291E+21,,1312.662047,1.59669E-08,,1312.662047,0.151292609
1343.305208,8.67651E+21,,1343.305208,1.60882E-08,,1343.305208,0.151340621
1374.898978,8.48264E+21,,1374.898978,1.62116E-08,,1374.898978,0.151388664
1407.110816,8.29466E+21,,1407.110816,1.63348E-08,,1407.110816,0.151436303
1440.180462,8.10846E+21,,1440.180462,1.64606E-08,,1440.180462,0.15148386
1474.39639,7.92706E+21,,1474.39639,1.6587E-08,,1474.39639,0.15153164
1508.877488,7.75076E+21,,1508.877488,1.67135E-08,,1508.877488,0.151578211
1549.726209,7.55048E+21,,1549.726209,1.6862E-08,,1549.726209,0.151631237
1591.751994,7.35614E+21,,1591.751994,1.70112E-08,,1591.751994,0.151684681
1634.966042,7.165E+21,,1634.966042,1.71631E-08,,1634.966042,0.151737263
1679.229914,6.97986E+21,,1679.229914,1.73155E-08,,1679.229914,0.151789661
1724.934865,6.79899E+21,,1724.934865,1.74697E-08,,1724.934865,0.151842286
1771.767487,6.62152E+21,,1771.767487,1.76264E-08,,1771.767487,0.151893878
1813.12048,6.47348E+21,,1813.12048,1.77615E-08,,1813.12048,0.151938528
1862.195226,6.30544E+21,,1862.195226,1.79199E-08,,1862.195226,0.15198936
1912.749306,6.14076E+21,,1912.749306,1.80807E-08,,1912.749306,0.152040003
1963.959046,5.98191E+21,,1963.959046,1.82413E-08,,1963.959046,0.152089172
2016.599609,5.82749E+21,,2016.599609,1.8403E-08,,2016.599609,0.152138559
2071.453108,5.67554E+21,,2071.453108,1.85679E-08,,2071.453108,0.152188394
2127.224685,5.5281E+21,,2127.224685,1.87335E-08,,2127.224685,0.152236912
2184.643696,5.3849E+21,,2184.643696,1.89001E-08,,2184.643696,0.152285267
2295.537869,5.12677E+21,,2295.537869,1.92158E-08,,2295.537869,0.15237396
2349.108041,5.01149E+21,,2349.108041,1.93638E-08,,2349.108041,0.152414922
2412.889766,4.8799E+21,,2412.889766,1.95383E-08,,2412.889766,0.152462163
2477.945757,4.75268E+21,,2477.945757,1.97131E-08,,2477.945757,0.152508782
2544.977064,4.62884E+21,,2544.977064,1.98894E-08,,2544.977064,0.152555218
2613.567653,4.50817E+21,,2613.567653,2.00673E-08,,2613.567653,0.1526006
2684.310291,4.39018E+21,,2684.310291,2.02475E-08,,2684.310291,0.152646252
2756.499962,4.27563E+21,,2756.499962,2.04287E-08,,2756.499962,0.152690919
2830.988932,4.16382E+21,,2830.988932,2.0612E-08,,2830.988932,0.152736096
2907.277278,4.05518E+21,,2907.277278,2.07965E-08,,2907.277278,0.152780319
2985.386635,3.94963E+21,,2985.386635,2.09821E-08,,2985.386635,0.152823876
3065.837826,3.84624E+21,,3065.837826,2.11704E-08,,3065.837826,0.152867285
3148.238275,3.74594E+21,,3148.238275,2.13597E-08,,3148.238275,0.152910306
3232.639545,3.64787E+21,,3232.639545,2.15515E-08,,3232.639545,0.152953096
3319.283621,3.55254E+21,,3319.283621,2.17446E-08,,3319.283621,0.152995708
3407.634543,3.45946E+21,,3407.634543,2.19398E-08,,3407.634543,0.153037241
3498.960213,3.36867E+21,,3498.960213,2.21372E-08,,3498.960213,0.153079029
3591.988657,3.28082E+21,,3591.988657,2.23351E-08,,3591.988657,0.153120345
3687.914291,3.19502E+21,,3687.914291,2.25353E-08,,3687.914291,0.153161663
3786.294305,3.11119E+21,,3786.294305,2.27379E-08,,3786.294305,0.153201821
3888.325138,3.02933E+21,,3888.325138,2.29429E-08,,3888.325138,0.153242786
3992.02298,2.94987E+21,,3992.02298,2.31491E-08,,3992.02298,0.153282514
4099.558474,2.87209E+21,,4099.558474,2.33583E-08,,4099.558474,0.153322833
4209.329984,2.79645E+21,,4209.329984,2.3569E-08,,4209.329984,0.153362276
4322.160428,2.72272E+21,,4322.160428,2.37818E-08,,4322.160428,0.153400876
4438.358424,2.65089E+21,,4438.358424,2.39968E-08,,4438.358424,0.153439994
4556.361517,2.58135E+21,,4556.361517,2.42123E-08,,4556.361517,0.153477739
4677.871639,2.51359E+21,,4677.871639,2.443E-08,,4677.871639,0.153516101
4802.763182,2.44741E+21,,4802.763182,2.46503E-08,,4802.763182,0.153553617
4932.644999,2.38229E+21,,4932.644999,2.48749E-08,,4932.644999,0.153591879
5065.013551,2.31935E+21,,5065.013551,2.50999E-08,,5065.013551,0.153628728
5200.865931,2.25817E+21,,5200.865931,2.53266E-08,,5200.865931,0.153666042
5339.960011,2.19864E+21,,5339.960011,2.55552E-08,,5339.960011,0.153702319
5482.331161,2.14082E+21,,5482.331161,2.57852E-08,,5482.331161,0.153738166
5630.526829,2.08389E+21,,5630.526829,2.60199E-08,,5630.526829,0.153774126
5781.483432,2.02908E+21,,5781.483432,2.62542E-08,,5781.483432,0.15380962
5936.726545,1.97567E+21,,5936.726545,2.64907E-08,,5936.726545,0.153844878
6096.652326,1.92358E+21,,6096.652326,2.67297E-08,,6096.652326,0.153879801
6260.706377,1.87301E+21,,6260.706377,2.69702E-08,,6260.706377,0.153914617
6430.240781,1.82347E+21,,6430.240781,2.72143E-08,,6430.240781,0.153948737
6605.402037,1.77532E+21,,6605.402037,2.74602E-08,,6605.402037,0.153983227
6785.001228,1.72848E+21,,6785.001228,2.7708E-08,,6785.001228,0.15401679
6943.161629,1.68935E+21,,6943.161629,2.7922E-08,,6943.161629,0.154045177
7131.979191,1.64513E+21,,7131.979191,2.8172E-08,,7131.979191,0.154078651
7326.003402,1.60228E+21,,7326.003402,2.84229E-08,,7326.003402,0.154111205
7525.457395,1.56028E+21,,7525.457395,2.86777E-08,,7525.457395,0.154143491
7701.286207,1.52531E+21,,7701.286207,2.8897E-08,,7701.286207,0.154170874
7881.672527,1.49096E+21,,7881.672527,2.91189E-08,,7881.672527,0.154197968
8095.486959,1.45238E+21,,8095.486959,2.93764E-08,,8095.486959,0.154229539
8316.109872,1.41462E+21,,8316.109872,2.96376E-08,,8316.109872,0.154260927
8542.673049,1.37782E+21,,8542.673049,2.99011E-08,,8542.673049,0.154291598
8742.498838,1.347E+21,,8742.498838,3.01291E-08,,8742.498838,0.154317555
8948.621262,1.31685E+21,,8948.621262,3.0359E-08,,8948.621262,0.154344194
9192.903127,1.28267E+21,,9192.903127,3.06284E-08,,9192.903127,0.1543743
9442.134338,1.24944E+21,,9442.134338,3.08995E-08,,9442.134338,0.154403399
9665.549726,1.22136E+21,,9665.549726,3.11362E-08,,9665.549726,0.154429585
9891.118876,1.19403E+21,,9891.118876,3.13736E-08,,9891.118876,0.154454134
10124.80245,1.1673E+21,,10124.80245,3.1613E-08,,10124.80245,0.154479883
10360.82078,1.14143E+21,,10360.82078,3.18518E-08,,10360.82078,0.154504577
10641.64734,1.11195E+21,,10641.64734,3.21328E-08,,10641.64734,0.15453255
10891.31672,1.08723E+21,,10891.31672,3.23762E-08,,10891.31672,0.154557037
11148.43318,1.06281E+21,,11148.43318,3.2624E-08,,11148.43318,0.154581406
11410.36387,1.03908E+21,,11410.36387,3.28723E-08,,11410.36387,0.154605838
11680.15565,1.01579E+21,,11680.15565,3.31233E-08,,11680.15565,0.154630001
11952.8488,9.93177E+20,,11952.8488,3.33745E-08,,11952.8488,0.154653023
12231.75776,9.7122E+20,,12231.75776,3.36258E-08,,12231.75776,0.154676889
12563.53521,9.46236E+20,,12563.53521,3.39212E-08,,12563.53521,0.15470369
12856.20862,9.25218E+20,,12856.20862,3.41778E-08,,12856.20862,0.154726316
13156.08165,9.04753E+20,,13156.08165,3.44353E-08,,13156.08165,0.154749585
13515.21212,8.81321E+20,,13515.21212,3.47398E-08,,13515.21212,0.154775985
13882.7606,8.58617E+20,,13882.7606,3.50453E-08,,13882.7606,0.154802273
14208.76795,8.39447E+20,,14208.76795,3.53118E-08,,14208.76795,0.15482469
14597.26004,8.17632E+20,,14597.26004,3.56251E-08,,14597.26004,0.154850606
14937.70117,7.99506E+20,,14937.70117,3.5894E-08,,14937.70117,0.154872468
15340.5357,7.78947E+20,,15340.5357,3.62089E-08,,15340.5357,0.154897191
15757.90756,7.58833E+20,,15757.90756,3.65281E-08,,15757.90756,0.154922756
16188.58258,7.39191E+20,,16188.58258,3.68508E-08,,16188.58258,0.154947826
16624.53667,7.20298E+20,,16624.53667,3.71721E-08,,16624.53667,0.154972276
17015.93626,7.04156E+20,,17015.93626,3.74558E-08,,17015.93626,0.154993681
17474.82484,6.86092E+20,,17474.82484,3.77836E-08,,17474.82484,0.155017184
17946.14301,6.68484E+20,,17946.14301,3.81144E-08,,17946.14301,0.155041544
18367.57816,6.53582E+20,,18367.57816,3.84036E-08,,18367.57816,0.155061851
18868.33686,6.36689E+20,,18868.33686,3.87423E-08,,18868.33686,0.155085902
19377.70592,6.2036E+20,,19377.70592,3.90812E-08,,19377.70592,0.155108892
19904.4058,6.04358E+20,,19904.4058,3.94252E-08,,19904.4058,0.155132573
20681.92289,5.82122E+20,,20681.92289,3.99237E-08,,20681.92289,0.155165813
21242.36073,5.67094E+20,,21242.36073,4.02753E-08,,21242.36073,0.155188015
21822.24132,5.52397E+20,,21822.24132,4.06313E-08,,21822.24132,0.155211096
22410.58442,5.38212E+20,,22410.58442,4.09872E-08,,22410.58442,0.155233592
23015.52237,5.24355E+20,,23015.52237,4.13471E-08,,23015.52237,0.155255819
23553.21781,5.1268E+20,,23553.21781,4.16603E-08,,23553.21781,0.155274549
24190.69796,4.99459E+20,,24190.69796,4.20266E-08,,24190.69796,0.155296342
24838.95316,4.86631E+20,,24838.95316,4.23946E-08,,24838.95316,0.155317155
25420.64344,4.75755E+20,,25420.64344,4.2717E-08,,25420.64344,0.155336968
26097.52957,4.63646E+20,,26097.52957,4.30876E-08,,26097.52957,0.155357591
26800.92338,4.5172E+20,,26800.92338,4.34654E-08,,26800.92338,0.155378398
27520.3772,4.40118E+20,,27520.3772,4.3846E-08,,27520.3772,0.155399275
28257.8327,4.28848E+20,,28257.8327,4.42288E-08,,28257.8327,0.155420197
29012.79042,4.1778E+20,,29012.79042,4.46179E-08,,29012.79042,0.155440098
29788.52301,4.07044E+20,,29788.52301,4.50088E-08,,29788.52301,0.155460971
30594.47367,3.96447E+20,,30594.47367,4.54082E-08,,30594.47367,0.155481157
31409.46232,3.86243E+20,,31409.46232,4.58066E-08,,31409.46232,0.155500866
32248.52748,3.763E+20,,32248.52748,4.62086E-08,,32248.52748,0.155521171
33744.66333,3.59768E+20,,33744.66333,4.69091E-08,,33744.66333,0.15555489
34644.06261,3.50457E+20,,34644.06261,4.73229E-08,,34644.06261,0.155574527
35575.9354,3.4134E+20,,35575.9354,4.77424E-08,,35575.9354,0.155592905
36528.31436,3.32487E+20,,36528.31436,4.81644E-08,,36528.31436,0.155612039
37507.15351,3.2387E+20,,37507.15351,4.859E-08,,37507.15351,0.155632126
38512.85648,3.15478E+20,,38512.85648,4.9019E-08,,38512.85648,0.155650309
39535.87138,3.07321E+20,,39535.87138,4.94509E-08,,39535.87138,0.155669674
40591.84052,2.99369E+20,,40591.84052,4.98868E-08,,40591.84052,0.155686534
41678.52397,2.91618E+20,,41678.52397,5.03271E-08,,41678.52397,0.155706854
42783.66381,2.84074E+20,,42783.66381,5.07705E-08,,42783.66381,0.155723401
43930.00858,2.7671E+20,,43930.00858,5.12191E-08,,43930.00858,0.155743265
45102.96368,2.69518E+20,,45102.96368,5.16724E-08,,45102.96368,0.155758705
46319.25064,2.62477E+20,,46319.25064,5.21327E-08,,46319.25064,0.155779085
47562.66646,2.556E+20,,47562.66646,5.25976E-08,,47562.66646,0.155792492
48833.24195,2.48978E+20,,48833.24195,5.30628E-08,,48833.24195,0.155818487
50117.43424,2.42568E+20,,50117.43424,5.3526E-08,,50117.43424,0.155817603
51457.64021,2.36277E+20,,51457.64021,5.40038E-08,,51457.64021,0.155877867
52668.35438,2.30771E+20,,52668.35438,5.44283E-08,,52668.35438,0.155862978
54071.82187,2.24819E+20,,54071.82187,5.49061E-08,,54071.82187,0.155877741
55490.27581,2.1908E+20,,55490.27581,5.53834E-08,,55490.27581,0.155894369
56955.17245,2.13428E+20,,56955.17245,5.58704E-08,,56955.17245,0.155914604
58461.42656,2.07917E+20,,58461.42656,5.63601E-08,,58461.42656,0.155917116
59898.58525,2.02851E+20,,59898.58525,5.68295E-08,,59898.58525,0.155950705
61471.40835,1.97674E+20,,61471.40835,5.73182E-08,,61471.40835,0.155924869
62920.18874,1.93067E+20,,62920.18874,5.77773E-08,,62920.18874,0.155979847
64463.18125,1.88288E+20,,64463.18125,5.82625E-08,,64463.18125,0.155983619
66146.8641,1.83563E+20,,66146.8641,5.87637E-08,,66146.8641,0.156027832
67697.98741,1.79266E+20,,67697.98741,5.92274E-08,,67697.98741,0.156010367
69340.75055,1.7491E+20,,69340.75055,5.97187E-08,,69340.75055,0.156039141
71052.552,1.70605E+20,,71052.552,6.02167E-08,,71052.552,0.156039087
72841.68553,1.66484E+20,,72841.68553,6.07139E-08,,72841.68553,0.156071996
74545.68789,1.62555E+20,,74545.68789,6.11983E-08,,74545.68789,0.156065282
76398.42838,1.58613E+20,,76398.42838,6.17073E-08,,76398.42838,0.156111996
78189.04788,1.54912E+20,,78189.04788,6.21947E-08,,78189.04788,0.156111663
80267.31873,1.50802E+20,,80267.31873,6.27558E-08,,80267.31873,0.156120097
82314.44865,1.47043E+20,,82314.44865,6.32838E-08,,82314.44865,0.156103006
84246.27585,1.43638E+20,,84246.27585,6.37885E-08,,84246.27585,0.156165377
87519.19764,1.38198E+20,,87519.19764,6.46215E-08,,87519.19764,0.156214743
89868.82289,1.34495E+20,,89868.82289,6.52E-08,,89868.82289,0.156147757
92259.16096,1.30956E+20,,92259.16096,6.5794E-08,,92259.16096,0.15623256
94622.89516,1.27631E+20,,94622.89516,6.63635E-08,,94622.89516,0.156254575
96999.76318,1.24331E+20,,96999.76318,6.69416E-08,,96999.76318,0.156227007
99593.51296,1.21096E+20,,99593.51296,6.7532E-08,,99593.51296,0.156223453
102254.6942,1.17917E+20,,102254.6942,6.81399E-08,,102254.6942,0.156267352
104980.8457,1.14796E+20,,104980.8457,6.87468E-08,,104980.8457,0.156232712
107775.8148,1.1178E+20,,107775.8148,6.93743E-08,,107775.8148,0.156332479
110388.2464,1.09064E+20,,110388.2464,6.99349E-08,,110388.2464,0.156261473
113275.7322,1.06258E+20,,113275.7322,7.05584E-08,,113275.7322,0.156349125
115936.1385,1.0379E+20,,115936.1385,7.11161E-08,,115936.1385,0.156368105
118742.3723,1.01151E+20,,118742.3723,7.17232E-08,,118742.3723,0.156327907
121830.3706,9.86647E+19,,121830.3706,7.23303E-08,,121830.3706,0.156390558
124742.4037,9.63219E+19,,124742.4037,7.29009E-08,,124742.4037,0.156319345
128037.1982,9.37949E+19,,128037.1982,7.35562E-08,,128037.1982,0.156360213
131182.3047,9.15423E+19,,131182.3047,7.41607E-08,,131182.3047,0.156398307
135068.7662,8.88213E+19,,135068.7662,7.49066E-08,,135068.7662,0.156374833
138567.3365,8.66092E+19,,138567.3365,7.55467E-08,,138567.3365,0.156422815
141891.8377,8.45227E+19,,141891.8377,7.61591E-08,,141891.8377,0.156396399
145565.9414,8.24373E+19,,145565.9414,7.68054E-08,,145565.9414,0.15645406
149151.9509,8.04578E+19,,149151.9509,7.74311E-08,,149151.9509,0.156459752
152757.3778,7.85158E+19,,152757.3778,7.80613E-08,,152757.3778,0.156441629
156492.605,7.6673E+19,,156492.605,7.86816E-08,,156492.605,0.156441303
160230.9023,7.49045E+19,,160230.9023,7.93011E-08,,160230.9023,0.156470822
164360.9575,7.31001E+19,,164360.9575,7.99518E-08,,164360.9575,0.156491908
168360.5293,7.13839E+19,,168360.5293,8.05888E-08,,168360.5293,0.156499688
172845.0904,6.95457E+19,,172845.0904,8.12885E-08,,172845.0904,0.156475677
177169.3605,6.78494E+19,,177169.3605,8.19671E-08,,177169.3605,0.15651398
181714.7099,6.61958E+19,,181714.7099,8.26497E-08,,181714.7099,0.156546468
185998.5674,6.46907E+19,,185998.5674,8.3289E-08,,185998.5674,0.156564445
190662.3483,6.31328E+19,,190662.3483,8.39654E-08,,190662.3483,0.156547057
195585.8073,6.16021E+19,,195585.8073,8.46654E-08,,195585.8073,0.156604043
200261.8646,6.01802E+19,,200261.8646,8.53149E-08,,200261.8646,0.156537223
207126.5917,5.81695E+19,,207126.5917,8.62924E-08,,207126.5917,0.15656762
212253.7815,5.67998E+19,,212253.7815,8.69805E-08,,212253.7815,0.156567493
217866.5235,5.54068E+19,,217866.5235,8.77058E-08,,217866.5235,0.156580123
223105.3706,5.40709E+19,,223105.3706,8.84255E-08,,223105.3706,0.156597315
228587.1649,5.28807E+19,,228587.1649,8.90955E-08,,228587.1649,0.156658278
234237.8109,5.16221E+19,,234237.8109,8.98029E-08,,234237.8109,0.156601281
239747.2828,5.04337E+19,,239747.2828,9.05088E-08,,239747.2828,0.156632514
245357.1878,4.92833E+19,,245357.1878,9.1208E-08,,245357.1878,0.156634416
251397.0653,4.81601E+19,,251397.0653,9.19147E-08,,251397.0653,0.156650302
257284.9987,4.70618E+19,,257284.9987,9.26245E-08,,257284.9987,0.156651638
264284.8917,4.58825E+19,,264284.8917,9.34164E-08,,264284.8917,0.156676981
270598.7204,4.48314E+19,,270598.7204,9.41484E-08,,270598.7204,0.156714384
276941.4497,4.38043E+19,,276941.4497,9.48724E-08,,276941.4497,0.156683992
284061.1282,4.27456E+19,,284061.1282,9.56497E-08,,284061.1282,0.156686201
290760.7565,4.17683E+19,,290760.7565,9.639E-08,,290760.7565,0.156686575
298576.7314,4.07292E+19,,298576.7314,9.7204E-08,,298576.7314,0.156691879
309262.8195,3.93513E+19,,309262.8195,9.83413E-08,,309262.8195,0.156767067
316907.151,3.84108E+19,,316907.151,9.91261E-08,,316907.151,0.156713273
324775.2737,3.74716E+19,,324775.2737,9.99524E-08,,324775.2737,0.156736229
332857.1106,3.66287E+19,,332857.1106,1.00723E-07,,332857.1106,0.156783807
341275.4287,3.57416E+19,,341275.4287,1.01554E-07,,341275.4287,0.156801047
349692.9738,3.48659E+19,,349692.9738,1.02396E-07,,349692.9738,0.156799546
358357.9262,3.4069E+19,,358357.9262,1.03188E-07,,358357.9262,0.156794726
367203.2342,3.32445E+19,,367203.2342,1.0403E-07,,367203.2342,0.156779296
376833.5172,3.24404E+19,,376833.5172,1.04883E-07,,376833.5172,0.15678116
385763.5626,3.16645E+19,,385763.5626,1.05732E-07,,385763.5626,0.156776684
394790.5349,3.09521E+19,,394790.5349,1.06545E-07,,394790.5349,0.15681095
404916.6392,3.02242E+19,,404916.6392,1.0739E-07,,404916.6392,0.156793954
415918.6493,2.94659E+19,,415918.6493,1.08316E-07,,415918.6493,0.156849832
426879.3121,2.87085E+19,,426879.3121,1.09253E-07,,426879.3121,0.156817904
437330.7748,2.80413E+19,,437330.7748,1.10119E-07,,437330.7748,0.156846992
447693.6215,2.73789E+19,,447693.6215,1.10999E-07,,447693.6215,0.156840547
462859.1629,2.65218E+19,,462859.1629,1.12187E-07,,462859.1629,0.156863133
475140.0979,2.58485E+19,,475140.0979,1.13155E-07,,475140.0979,0.15687067
486563.298,2.52632E+19,,486563.298,1.14031E-07,,486563.298,0.15690658
498466.8274,2.46456E+19,,498466.8274,1.14968E-07,,498466.8274,0.156875309
510762.6523,2.40926E+19,,510762.6523,1.15849E-07,,510762.6523,0.156910444
523318.6052,2.35229E+19,,523318.6052,1.1678E-07,,523318.6052,0.156923698
535758.0414,2.2959E+19,,535758.0414,1.17721E-07,,535758.0414,0.156892338
549022.7631,2.24273E+19,,549022.7631,1.18647E-07,,549022.7631,0.15690517
561915.2033,2.19228E+19,,561915.2033,1.19552E-07,,561915.2033,0.156911044
575777.7366,2.14114E+19,,575777.7366,1.20502E-07,,575777.7366,0.156932495
589680.4787,2.08978E+19,,589680.4787,1.21484E-07,,589680.4787,0.156942988
604279.6153,2.04082E+19,,604279.6153,1.22441E-07,,604279.6153,0.156919372
618632.478,1.99077E+19,,618632.478,1.23463E-07,,618632.478,0.156935467
634758.449,1.94353E+19,,634758.449,1.24455E-07,,634758.449,0.156932727
651258.2272,1.89396E+19,,651258.2272,1.25532E-07,,651258.2272,0.156936795
677819.4541,1.81904E+19,,677819.4541,1.2724E-07,,677819.4541,0.156965325
693938.8751,1.7769E+19,,693938.8751,1.2824E-07,,693938.8751,0.156973428
711062.574,1.73412E+19,,711062.574,1.29289E-07,,711062.574,0.156981425
727763.8213,1.69422E+19,,727763.8213,1.30301E-07,,727763.8213,0.157001822
745259.1153,1.65369E+19,,745259.1153,1.31353E-07,,745259.1153,0.156984812
765102.7211,1.61378E+19,,765102.7211,1.32438E-07,,765102.7211,0.157023916
784663.6454,1.57316E+19,,784663.6454,1.33558E-07,,784663.6454,0.156991605
803337.9767,1.53437E+19,,803337.9767,1.34679E-07,,803337.9767,0.157006097
824407.2863,1.49716E+19,,824407.2863,1.35788E-07,,824407.2863,0.157013321
843971.0927,1.46088E+19,,843971.0927,1.36907E-07,,843971.0927,0.157028298
864025.1543,1.42749E+19,,864025.1543,1.37966E-07,,864025.1543,0.157028673
885917.8664,1.39372E+19,,885917.8664,1.3907E-07,,885917.8664,0.157022711
907784.6138,1.35859E+19,,907784.6138,1.4026E-07,,907784.6138,0.157027186
931310.0272,1.32612E+19,,931310.0272,1.41403E-07,,931310.0272,0.157055166
954103.9912,1.29313E+19,,954103.9912,1.42598E-07,,954103.9912,0.157060139
984292.3591,1.25478E+19,,984292.3591,1.44033E-07,,984292.3591,0.157050523
1000000,1.2326E+19,,1000000,1.44895E-07,,1000000,0.15706202
